TICKET_ID,TITLE,DESCRIPTION,PRODUCT_AREA,CATEGORY,PRIORITY,CREATED_AT,RESOLUTION_TEXT,ISSUE_FAMILY
1,User cannot access purchasing application,A user is unable to access procurement functions although the application is available. The problem started after a recent configuration change.,Procurement,Authorization and Access,Critical,2025-05-22,Corrected the missing authorization and verified access.,PROCUREMENT_AUTH
2,Missing authorization for purchasing,The employee is not permitted to enter the procurement application. The problem was reproduced in the development environment.,Procurement,Authorization and Access,Medium,2025-02-18,Assigned the required procurement authorization role.,PROCUREMENT_AUTH
3,Employee unable to open procurement app,The employee cannot open the purchasing application and receives an authorization error. The issue became visible after the user's latest login.,Procurement,Authorization and Access,Low,2025-06-13,Corrected the missing authorization and verified access.,PROCUREMENT_AUTH
4,Missing authorization for purchasing,A user is unable to access procurement functions although the application is available. The problem was reproduced in the development environment.,Procurement,Authorization and Access,Medium,2025-03-07,Updated the user's business-role assignment.,PROCUREMENT_AUTH
5,Procurement application access denied,The purchasing application denies access because the required business role appears to be missing. The problem started after a recent configuration change.,Procurement,Authorization and Access,Medium,2026-04-25,Corrected the missing authorization and verified access.,PROCUREMENT_AUTH
6,User cannot access purchasing application,The purchasing application denies access because the required business role appears to be missing. The issue was first reported by a business user during normal daily processing.,Procurement,Authorization and Access,Medium,2026-07-21,Assigned the required procurement authorization role.,PROCUREMENT_AUTH
7,Procurement application access denied,The employee is not permitted to enter the procurement application. The issue became visible after the user's latest login.,Procurement,Authorization and Access,High,2025-04-28,Corrected the missing authorization and verified access.,PROCUREMENT_AUTH
8,Employee unable to open procurement app,The employee cannot open the purchasing application and receives an authorization error. The problem affects an important business process and requires investigation.,Procurement,Authorization and Access,High,2025-10-01,Corrected the missing authorization and verified access.,PROCUREMENT_AUTH
9,Employee unable to open procurement app,A user is unable to access procurement functions although the application is available. The issue was first reported by a business user during normal daily processing.,Procurement,Authorization and Access,Medium,2025-10-28,Updated the user's business-role assignment.,PROCUREMENT_AUTH
10,Missing authorization for purchasing,The purchasing application denies access because the required business role appears to be missing. Several users reported the same behaviour during morning operations.,Procurement,Authorization and Access,Low,2025-01-04,Corrected the missing authorization and verified access.,PROCUREMENT_AUTH
11,Procurement application access denied,A user is unable to access procurement functions although the application is available. The problem affects an important business process and requires investigation.,Procurement,Authorization and Access,High,2025-09-27,Corrected the missing authorization and verified access.,PROCUREMENT_AUTH
12,User cannot access purchasing application,The purchasing application denies access because the required business role appears to be missing. The behaviour occurs intermittently but affects normal business processing.,Procurement,Authorization and Access,High,2026-06-04,Assigned the required procurement authorization role.,PROCUREMENT_AUTH
13,User cannot access purchasing application,The employee is not permitted to enter the procurement application. The issue became visible after the user's latest login.,Procurement,Authorization and Access,High,2025-11-02,Corrected the missing authorization and verified access.,PROCUREMENT_AUTH
14,Employee unable to open procurement app,The purchasing application denies access because the required business role appears to be missing. The issue became visible after the user's latest login.,Procurement,Authorization and Access,Medium,2025-07-23,Assigned the required procurement authorization role.,PROCUREMENT_AUTH
15,Procurement application access denied,The employee cannot open the purchasing application and receives an authorization error. The issue was first reported by a business user during normal daily processing.,Procurement,Authorization and Access,Medium,2025-06-15,Corrected the missing authorization and verified access.,PROCUREMENT_AUTH
16,Procurement application access denied,The purchasing application denies access because the required business role appears to be missing. Several users reported the same behaviour during morning operations.,Procurement,Authorization and Access,Critical,2026-06-28,Assigned the required procurement authorization role.,PROCUREMENT_AUTH
17,Procurement application access denied,The employee is not permitted to enter the procurement application. The problem affects an important business process and requires investigation.,Procurement,Authorization and Access,Medium,2026-05-16,Assigned the required procurement authorization role.,PROCUREMENT_AUTH
18,Employee unable to open procurement app,The employee is not permitted to enter the procurement application. The issue occurs consistently when the affected function is executed.,Procurement,Authorization and Access,Low,2026-01-07,Updated the user's business-role assignment.,PROCUREMENT_AUTH
19,Employee unable to open procurement app,The employee cannot open the purchasing application and receives an authorization error. The issue was first reported by a business user during normal daily processing.,Procurement,Authorization and Access,Medium,2025-09-04,Corrected the missing authorization and verified access.,PROCUREMENT_AUTH
20,User cannot access purchasing application,The purchasing application denies access because the required business role appears to be missing. Several users reported the same behaviour during morning operations.,Procurement,Authorization and Access,Critical,2025-03-29,Corrected the missing authorization and verified access.,PROCUREMENT_AUTH
21,Missing authorization for purchasing,A user is unable to access procurement functions although the application is available. Several users reported the same behaviour during morning operations.,Procurement,Authorization and Access,Medium,2025-03-12,Corrected the missing authorization and verified access.,PROCUREMENT_AUTH
22,User cannot access purchasing application,The employee cannot open the purchasing application and receives an authorization error. Several users reported the same behaviour during morning operations.,Procurement,Authorization and Access,High,2025-05-12,Corrected the missing authorization and verified access.,PROCUREMENT_AUTH
23,Missing authorization for purchasing,The employee cannot open the purchasing application and receives an authorization error. Several users reported the same behaviour during morning operations.,Procurement,Authorization and Access,Medium,2026-07-17,Assigned the required procurement authorization role.,PROCUREMENT_AUTH
24,Missing authorization for purchasing,The purchasing application denies access because the required business role appears to be missing. The issue was first reported by a business user during normal daily processing.,Procurement,Authorization and Access,Medium,2026-03-10,Assigned the required procurement authorization role.,PROCUREMENT_AUTH
25,Procurement application access denied,The employee cannot open the purchasing application and receives an authorization error. The problem was reproduced in the development environment.,Procurement,Authorization and Access,Critical,2025-07-25,Corrected the missing authorization and verified access.,PROCUREMENT_AUTH
26,Missing authorization for purchasing,The purchasing application denies access because the required business role appears to be missing. The behaviour occurs intermittently but affects normal business processing.,Procurement,Authorization and Access,Medium,2026-01-18,Updated the user's business-role assignment.,PROCUREMENT_AUTH
27,User cannot access purchasing application,The employee cannot open the purchasing application and receives an authorization error. The problem affects an important business process and requires investigation.,Procurement,Authorization and Access,High,2026-04-08,Assigned the required procurement authorization role.,PROCUREMENT_AUTH
28,User cannot access purchasing application,The employee cannot open the purchasing application and receives an authorization error. The problem started after a recent configuration change.,Procurement,Authorization and Access,Medium,2025-03-07,Updated the user's business-role assignment.,PROCUREMENT_AUTH
29,Missing authorization for purchasing,The purchasing application denies access because the required business role appears to be missing. The problem affects an important business process and requires investigation.,Procurement,Authorization and Access,Low,2026-07-22,Assigned the required procurement authorization role.,PROCUREMENT_AUTH
30,Missing authorization for purchasing,A user is unable to access procurement functions although the application is available. The problem affects an important business process and requires investigation.,Procurement,Authorization and Access,Medium,2025-01-08,Assigned the required procurement authorization role.,PROCUREMENT_AUTH
31,User cannot access purchasing application,The employee is not permitted to enter the procurement application. Several users reported the same behaviour during morning operations.,Procurement,Authorization and Access,High,2025-03-02,Assigned the required procurement authorization role.,PROCUREMENT_AUTH
32,Employee unable to open procurement app,The employee cannot open the purchasing application and receives an authorization error. The behaviour occurs intermittently but affects normal business processing.,Procurement,Authorization and Access,Low,2025-02-02,Updated the user's business-role assignment.,PROCUREMENT_AUTH
33,Procurement application access denied,The employee is not permitted to enter the procurement application. The problem was reproduced in the development environment.,Procurement,Authorization and Access,Low,2025-09-01,Updated the user's business-role assignment.,PROCUREMENT_AUTH
34,Missing authorization for purchasing,A user is unable to access procurement functions although the application is available. The problem started after a recent configuration change.,Procurement,Authorization and Access,High,2025-08-08,Corrected the missing authorization and verified access.,PROCUREMENT_AUTH
35,Missing authorization for purchasing,The employee is not permitted to enter the procurement application. The problem affects an important business process and requires investigation.,Procurement,Authorization and Access,Low,2026-04-30,Assigned the required procurement authorization role.,PROCUREMENT_AUTH
36,Procurement application access denied,The employee is not permitted to enter the procurement application. The issue occurs consistently when the affected function is executed.,Procurement,Authorization and Access,High,2026-02-21,Assigned the required procurement authorization role.,PROCUREMENT_AUTH
37,Procurement application access denied,The employee cannot open the purchasing application and receives an authorization error. The problem affects an important business process and requires investigation.,Procurement,Authorization and Access,Low,2026-03-18,Updated the user's business-role assignment.,PROCUREMENT_AUTH
38,Missing authorization for purchasing,A user is unable to access procurement functions although the application is available. The issue was first reported by a business user during normal daily processing.,Procurement,Authorization and Access,Medium,2026-04-24,Corrected the missing authorization and verified access.,PROCUREMENT_AUTH
39,Procurement application access denied,The employee cannot open the purchasing application and receives an authorization error. Several users reported the same behaviour during morning operations.,Procurement,Authorization and Access,Low,2025-04-11,Assigned the required procurement authorization role.,PROCUREMENT_AUTH
40,Procurement application access denied,The purchasing application denies access because the required business role appears to be missing. The issue occurs consistently when the affected function is executed.,Procurement,Authorization and Access,Medium,2025-12-14,Assigned the required procurement authorization role.,PROCUREMENT_AUTH
41,Procurement application access denied,The employee is not permitted to enter the procurement application. The behaviour occurs intermittently but affects normal business processing.,Procurement,Authorization and Access,Medium,2025-07-14,Corrected the missing authorization and verified access.,PROCUREMENT_AUTH
42,Procurement application access denied,The employee cannot open the purchasing application and receives an authorization error. The issue became visible after the user's latest login.,Procurement,Authorization and Access,Medium,2026-03-09,Assigned the required procurement authorization role.,PROCUREMENT_AUTH
43,Employee unable to open procurement app,A user is unable to access procurement functions although the application is available. The problem affects an important business process and requires investigation.,Procurement,Authorization and Access,Medium,2025-09-13,Assigned the required procurement authorization role.,PROCUREMENT_AUTH
44,Procurement application access denied,A user is unable to access procurement functions although the application is available. The problem started after a recent configuration change.,Procurement,Authorization and Access,Medium,2026-07-18,Assigned the required procurement authorization role.,PROCUREMENT_AUTH
45,Missing authorization for purchasing,The purchasing application denies access because the required business role appears to be missing. The problem was reproduced in the development environment.,Procurement,Authorization and Access,Low,2026-07-08,Assigned the required procurement authorization role.,PROCUREMENT_AUTH
46,Missing authorization for purchasing,A user is unable to access procurement functions although the application is available. The issue became visible after the user's latest login.,Procurement,Authorization and Access,Critical,2025-08-31,Assigned the required procurement authorization role.,PROCUREMENT_AUTH
47,Procurement application access denied,The employee is not permitted to enter the procurement application. The issue was first reported by a business user during normal daily processing.,Procurement,Authorization and Access,Medium,2026-05-08,Assigned the required procurement authorization role.,PROCUREMENT_AUTH
48,Procurement application access denied,A user is unable to access procurement functions although the application is available. Several users reported the same behaviour during morning operations.,Procurement,Authorization and Access,High,2025-03-02,Assigned the required procurement authorization role.,PROCUREMENT_AUTH
49,Employee unable to open procurement app,The employee cannot open the purchasing application and receives an authorization error. The problem was reproduced in the development environment.,Procurement,Authorization and Access,Medium,2026-02-04,Updated the user's business-role assignment.,PROCUREMENT_AUTH
50,User cannot access purchasing application,The purchasing application denies access because the required business role appears to be missing. The issue became visible after the user's latest login.,Procurement,Authorization and Access,Critical,2026-04-11,Updated the user's business-role assignment.,PROCUREMENT_AUTH
51,Application returns unauthorized error,A user receives an unauthorized response when opening the application. The problem was reproduced in the development environment.,Identity and Access,Authorization and Access,Medium,2026-01-14,Assigned the required access role and verified the application.,HTTP_401
52,HTTP 401 when opening application,The application returns HTTP 401 even though the user successfully authenticated. The issue occurs consistently when the affected function is executed.,Identity and Access,Authorization and Access,Medium,2026-03-17,Corrected the role assignment.,HTTP_401
53,HTTP 401 when opening application,A user receives an unauthorized response when opening the application. The issue became visible after the user's latest login.,Identity and Access,Authorization and Access,Low,2026-01-09,Corrected the role assignment.,HTTP_401
54,Application returns unauthorized error,Login succeeds but access to the requested service fails with status code 401. The problem started after a recent configuration change.,Identity and Access,Authorization and Access,High,2025-08-04,Assigned the required access role and verified the application.,HTTP_401
55,401 authorization error after login,Login succeeds but access to the requested service fails with status code 401. The behaviour occurs intermittently but affects normal business processing.,Identity and Access,Authorization and Access,Medium,2025-04-16,Updated the application authorization configuration.,HTTP_401
56,User receives HTTP 401,Login succeeds but access to the requested service fails with status code 401. The behaviour occurs intermittently but affects normal business processing.,Identity and Access,Authorization and Access,High,2026-02-21,Assigned the required access role and verified the application.,HTTP_401
57,HTTP 401 when opening application,A user receives an unauthorized response when opening the application. The issue occurs consistently when the affected function is executed.,Identity and Access,Authorization and Access,High,2025-08-31,Corrected the role assignment.,HTTP_401
58,401 authorization error after login,Login succeeds but access to the requested service fails with status code 401. The issue was first reported by a business user during normal daily processing.,Identity and Access,Authorization and Access,Critical,2025-07-01,Updated the application authorization configuration.,HTTP_401
59,Application returns unauthorized error,The service rejects the request because the user's authorization is insufficient. The problem was reproduced in the development environment.,Identity and Access,Authorization and Access,Low,2025-12-07,Updated the application authorization configuration.,HTTP_401
60,Application returns unauthorized error,The application returns HTTP 401 even though the user successfully authenticated. The problem was reproduced in the development environment.,Identity and Access,Authorization and Access,High,2025-09-12,Updated the application authorization configuration.,HTTP_401
61,401 authorization error after login,The application returns HTTP 401 even though the user successfully authenticated. The problem was reproduced in the development environment.,Identity and Access,Authorization and Access,Low,2025-04-21,Updated the application authorization configuration.,HTTP_401
62,Application returns unauthorized error,Login succeeds but access to the requested service fails with status code 401. The problem affects an important business process and requires investigation.,Identity and Access,Authorization and Access,High,2026-04-27,Corrected the role assignment.,HTTP_401
63,401 authorization error after login,Login succeeds but access to the requested service fails with status code 401. Several users reported the same behaviour during morning operations.,Identity and Access,Authorization and Access,Low,2026-04-17,Updated the application authorization configuration.,HTTP_401
64,User receives HTTP 401,The service rejects the request because the user's authorization is insufficient. The problem was reproduced in the development environment.,Identity and Access,Authorization and Access,Medium,2025-08-22,Corrected the role assignment.,HTTP_401
65,User receives HTTP 401,The application returns HTTP 401 even though the user successfully authenticated. The problem affects an important business process and requires investigation.,Identity and Access,Authorization and Access,Low,2025-07-17,Updated the application authorization configuration.,HTTP_401
66,HTTP 401 when opening application,The service rejects the request because the user's authorization is insufficient. The behaviour occurs intermittently but affects normal business processing.,Identity and Access,Authorization and Access,Medium,2025-03-13,Updated the application authorization configuration.,HTTP_401
67,Application returns unauthorized error,A user receives an unauthorized response when opening the application. The issue occurs consistently when the affected function is executed.,Identity and Access,Authorization and Access,Medium,2026-06-06,Updated the application authorization configuration.,HTTP_401
68,User receives HTTP 401,Login succeeds but access to the requested service fails with status code 401. The issue occurs consistently when the affected function is executed.,Identity and Access,Authorization and Access,High,2026-07-04,Updated the application authorization configuration.,HTTP_401
69,401 authorization error after login,Login succeeds but access to the requested service fails with status code 401. The problem started after a recent configuration change.,Identity and Access,Authorization and Access,Critical,2025-04-29,Updated the application authorization configuration.,HTTP_401
70,401 authorization error after login,The service rejects the request because the user's authorization is insufficient. The issue was first reported by a business user during normal daily processing.,Identity and Access,Authorization and Access,Low,2025-09-29,Corrected the role assignment.,HTTP_401
71,HTTP 401 when opening application,The application returns HTTP 401 even though the user successfully authenticated. Several users reported the same behaviour during morning operations.,Identity and Access,Authorization and Access,Low,2026-03-21,Updated the application authorization configuration.,HTTP_401
72,User receives HTTP 401,The service rejects the request because the user's authorization is insufficient. The problem started after a recent configuration change.,Identity and Access,Authorization and Access,High,2025-11-18,Updated the application authorization configuration.,HTTP_401
73,HTTP 401 when opening application,The service rejects the request because the user's authorization is insufficient. The problem started after a recent configuration change.,Identity and Access,Authorization and Access,Medium,2026-06-08,Corrected the role assignment.,HTTP_401
74,Application returns unauthorized error,Login succeeds but access to the requested service fails with status code 401. The issue became visible after the user's latest login.,Identity and Access,Authorization and Access,Medium,2025-07-14,Updated the application authorization configuration.,HTTP_401
75,User receives HTTP 401,Login succeeds but access to the requested service fails with status code 401. The problem was reproduced in the development environment.,Identity and Access,Authorization and Access,Low,2026-03-23,Corrected the role assignment.,HTTP_401
76,401 authorization error after login,The application returns HTTP 401 even though the user successfully authenticated. The issue became visible after the user's latest login.,Identity and Access,Authorization and Access,Medium,2026-07-06,Assigned the required access role and verified the application.,HTTP_401
77,User receives HTTP 401,The application returns HTTP 401 even though the user successfully authenticated. The behaviour occurs intermittently but affects normal business processing.,Identity and Access,Authorization and Access,High,2025-07-21,Updated the application authorization configuration.,HTTP_401
78,HTTP 401 when opening application,Login succeeds but access to the requested service fails with status code 401. The behaviour occurs intermittently but affects normal business processing.,Identity and Access,Authorization and Access,Medium,2025-12-05,Assigned the required access role and verified the application.,HTTP_401
79,Application returns unauthorized error,Login succeeds but access to the requested service fails with status code 401. The issue was first reported by a business user during normal daily processing.,Identity and Access,Authorization and Access,Medium,2025-05-08,Assigned the required access role and verified the application.,HTTP_401
80,User receives HTTP 401,The service rejects the request because the user's authorization is insufficient. The issue was first reported by a business user during normal daily processing.,Identity and Access,Authorization and Access,Critical,2026-06-04,Updated the application authorization configuration.,HTTP_401
81,Application returns unauthorized error,The service rejects the request because the user's authorization is insufficient. The problem started after a recent configuration change.,Identity and Access,Authorization and Access,High,2025-12-01,Updated the application authorization configuration.,HTTP_401
82,User receives HTTP 401,A user receives an unauthorized response when opening the application. The issue was first reported by a business user during normal daily processing.,Identity and Access,Authorization and Access,High,2026-07-22,Corrected the role assignment.,HTTP_401
83,Application returns unauthorized error,Login succeeds but access to the requested service fails with status code 401. The problem was reproduced in the development environment.,Identity and Access,Authorization and Access,Low,2026-01-24,Assigned the required access role and verified the application.,HTTP_401
84,HTTP 401 when opening application,Login succeeds but access to the requested service fails with status code 401. The problem started after a recent configuration change.,Identity and Access,Authorization and Access,High,2025-06-28,Assigned the required access role and verified the application.,HTTP_401
85,Application returns unauthorized error,The service rejects the request because the user's authorization is insufficient. The problem affects an important business process and requires investigation.,Identity and Access,Authorization and Access,Medium,2026-02-20,Assigned the required access role and verified the application.,HTTP_401
86,Application returns unauthorized error,A user receives an unauthorized response when opening the application. The issue became visible after the user's latest login.,Identity and Access,Authorization and Access,High,2025-11-08,Updated the application authorization configuration.,HTTP_401
87,User receives HTTP 401,The service rejects the request because the user's authorization is insufficient. The issue occurs consistently when the affected function is executed.,Identity and Access,Authorization and Access,Medium,2025-11-26,Updated the application authorization configuration.,HTTP_401
88,Application returns unauthorized error,The service rejects the request because the user's authorization is insufficient. The issue occurs consistently when the affected function is executed.,Identity and Access,Authorization and Access,Medium,2025-08-07,Assigned the required access role and verified the application.,HTTP_401
89,User receives HTTP 401,The application returns HTTP 401 even though the user successfully authenticated. The issue occurs consistently when the affected function is executed.,Identity and Access,Authorization and Access,Medium,2025-06-23,Assigned the required access role and verified the application.,HTTP_401
90,User receives HTTP 401,A user receives an unauthorized response when opening the application. Several users reported the same behaviour during morning operations.,Identity and Access,Authorization and Access,Low,2026-06-12,Assigned the required access role and verified the application.,HTTP_401
91,Application returns unauthorized error,A user receives an unauthorized response when opening the application. The problem affects an important business process and requires investigation.,Identity and Access,Authorization and Access,Medium,2025-12-10,Corrected the role assignment.,HTTP_401
92,Application returns unauthorized error,The application returns HTTP 401 even though the user successfully authenticated. The issue occurs consistently when the affected function is executed.,Identity and Access,Authorization and Access,High,2025-08-29,Assigned the required access role and verified the application.,HTTP_401
93,Application returns unauthorized error,A user receives an unauthorized response when opening the application. Several users reported the same behaviour during morning operations.,Identity and Access,Authorization and Access,Medium,2025-07-23,Corrected the role assignment.,HTTP_401
94,HTTP 401 when opening application,The application returns HTTP 401 even though the user successfully authenticated. The issue was first reported by a business user during normal daily processing.,Identity and Access,Authorization and Access,Low,2025-09-08,Updated the application authorization configuration.,HTTP_401
95,401 authorization error after login,A user receives an unauthorized response when opening the application. The problem started after a recent configuration change.,Identity and Access,Authorization and Access,Medium,2025-03-16,Updated the application authorization configuration.,HTTP_401
96,Application returns unauthorized error,A user receives an unauthorized response when opening the application. The problem started after a recent configuration change.,Identity and Access,Authorization and Access,Medium,2025-07-19,Assigned the required access role and verified the application.,HTTP_401
97,Application returns unauthorized error,The application returns HTTP 401 even though the user successfully authenticated. The problem affects an important business process and requires investigation.,Identity and Access,Authorization and Access,High,2026-05-22,Updated the application authorization configuration.,HTTP_401
98,User receives HTTP 401,Login succeeds but access to the requested service fails with status code 401. The issue became visible after the user's latest login.,Identity and Access,Authorization and Access,Medium,2025-01-06,Corrected the role assignment.,HTTP_401
99,Application returns unauthorized error,A user receives an unauthorized response when opening the application. The behaviour occurs intermittently but affects normal business processing.,Identity and Access,Authorization and Access,High,2025-08-13,Corrected the role assignment.,HTTP_401
100,User receives HTTP 401,Login succeeds but access to the requested service fails with status code 401. The problem affects an important business process and requires investigation.,Identity and Access,Authorization and Access,High,2026-06-15,Updated the application authorization configuration.,HTTP_401
101,Finance posting fails for supplier invoice,The invoice process stops before an accounting document is generated. The issue occurs consistently when the affected function is executed.,Financial Accounting,Finance,High,2025-02-11,Corrected the accounting configuration.,INVOICE_POSTING
102,Supplier invoice posting error,Posting fails when the user attempts to save the supplier invoice. The issue was first reported by a business user during normal daily processing.,Financial Accounting,Finance,Critical,2025-07-24,Corrected the accounting configuration.,INVOICE_POSTING
103,Accounting document not created,The invoice process stops before an accounting document is generated. The problem was reproduced in the development environment.,Financial Accounting,Finance,Medium,2025-09-02,Corrected the accounting configuration.,INVOICE_POSTING
104,Finance posting fails for supplier invoice,Finance users receive an error while posting an incoming invoice. The issue became visible after the user's latest login.,Financial Accounting,Finance,Medium,2025-04-28,Resolved the posting configuration issue.,INVOICE_POSTING
105,Supplier invoice posting error,Posting fails when the user attempts to save the supplier invoice. The behaviour occurs intermittently but affects normal business processing.,Financial Accounting,Finance,Critical,2026-04-22,Resolved the posting configuration issue.,INVOICE_POSTING
106,Finance posting fails for supplier invoice,Finance users receive an error while posting an incoming invoice. The problem started after a recent configuration change.,Financial Accounting,Finance,Medium,2026-01-13,Corrected the accounting configuration.,INVOICE_POSTING
107,Invoice cannot be posted,The supplier invoice cannot be posted because the accounting configuration is incomplete. The issue occurs consistently when the affected function is executed.,Financial Accounting,Finance,Medium,2025-04-28,Corrected the accounting configuration.,INVOICE_POSTING
108,Supplier invoice posting error,The invoice process stops before an accounting document is generated. The issue occurs consistently when the affected function is executed.,Financial Accounting,Finance,Critical,2025-04-21,Resolved the posting configuration issue.,INVOICE_POSTING
109,Accounting document not created,The invoice process stops before an accounting document is generated. The issue occurs consistently when the affected function is executed.,Financial Accounting,Finance,Low,2025-11-16,Resolved the posting configuration issue.,INVOICE_POSTING
110,Invoice cannot be posted,Finance users receive an error while posting an incoming invoice. The issue occurs consistently when the affected function is executed.,Financial Accounting,Finance,High,2026-01-20,Updated the relevant finance settings.,INVOICE_POSTING
111,Invoice cannot be posted,The invoice process stops before an accounting document is generated. The problem affects an important business process and requires investigation.,Financial Accounting,Finance,Critical,2025-07-23,Corrected the accounting configuration.,INVOICE_POSTING
112,Invoice cannot be posted,The invoice process stops before an accounting document is generated. The issue was first reported by a business user during normal daily processing.,Financial Accounting,Finance,Medium,2025-09-06,Corrected the accounting configuration.,INVOICE_POSTING
113,Supplier invoice posting error,The supplier invoice cannot be posted because the accounting configuration is incomplete. The problem started after a recent configuration change.,Financial Accounting,Finance,High,2025-11-05,Resolved the posting configuration issue.,INVOICE_POSTING
114,Accounting document not created,Posting fails when the user attempts to save the supplier invoice. Several users reported the same behaviour during morning operations.,Financial Accounting,Finance,Medium,2025-05-04,Resolved the posting configuration issue.,INVOICE_POSTING
115,Invoice cannot be posted,Posting fails when the user attempts to save the supplier invoice. The problem was reproduced in the development environment.,Financial Accounting,Finance,High,2025-12-22,Resolved the posting configuration issue.,INVOICE_POSTING
116,Finance posting fails for supplier invoice,The invoice process stops before an accounting document is generated. The problem affects an important business process and requires investigation.,Financial Accounting,Finance,Medium,2026-01-15,Corrected the accounting configuration.,INVOICE_POSTING
117,Invoice cannot be posted,The supplier invoice cannot be posted because the accounting configuration is incomplete. The issue became visible after the user's latest login.,Financial Accounting,Finance,Medium,2025-12-16,Corrected the accounting configuration.,INVOICE_POSTING
118,Supplier invoice posting error,Posting fails when the user attempts to save the supplier invoice. Several users reported the same behaviour during morning operations.,Financial Accounting,Finance,High,2026-05-17,Corrected the accounting configuration.,INVOICE_POSTING
119,Accounting document not created,Posting fails when the user attempts to save the supplier invoice. The problem affects an important business process and requires investigation.,Financial Accounting,Finance,Medium,2026-01-06,Resolved the posting configuration issue.,INVOICE_POSTING
120,Accounting document not created,The supplier invoice cannot be posted because the accounting configuration is incomplete. The issue occurs consistently when the affected function is executed.,Financial Accounting,Finance,High,2026-04-16,Resolved the posting configuration issue.,INVOICE_POSTING
121,Finance posting fails for supplier invoice,The supplier invoice cannot be posted because the accounting configuration is incomplete. The issue was first reported by a business user during normal daily processing.,Financial Accounting,Finance,Low,2025-06-30,Resolved the posting configuration issue.,INVOICE_POSTING
122,Invoice cannot be posted,The supplier invoice cannot be posted because the accounting configuration is incomplete. The behaviour occurs intermittently but affects normal business processing.,Financial Accounting,Finance,Medium,2025-10-04,Resolved the posting configuration issue.,INVOICE_POSTING
123,Finance posting fails for supplier invoice,Finance users receive an error while posting an incoming invoice. The issue occurs consistently when the affected function is executed.,Financial Accounting,Finance,High,2026-07-06,Updated the relevant finance settings.,INVOICE_POSTING
124,Invoice cannot be posted,The supplier invoice cannot be posted because the accounting configuration is incomplete. The problem was reproduced in the development environment.,Financial Accounting,Finance,Medium,2025-10-02,Updated the relevant finance settings.,INVOICE_POSTING
125,Invoice cannot be posted,Finance users receive an error while posting an incoming invoice. The behaviour occurs intermittently but affects normal business processing.,Financial Accounting,Finance,High,2025-03-30,Updated the relevant finance settings.,INVOICE_POSTING
126,Accounting document not created,The supplier invoice cannot be posted because the accounting configuration is incomplete. The problem affects an important business process and requires investigation.,Financial Accounting,Finance,High,2025-09-07,Updated the relevant finance settings.,INVOICE_POSTING
127,Finance posting fails for supplier invoice,Posting fails when the user attempts to save the supplier invoice. The problem affects an important business process and requires investigation.,Financial Accounting,Finance,Medium,2026-01-24,Updated the relevant finance settings.,INVOICE_POSTING
128,Finance posting fails for supplier invoice,Posting fails when the user attempts to save the supplier invoice. The behaviour occurs intermittently but affects normal business processing.,Financial Accounting,Finance,Low,2025-11-29,Corrected the accounting configuration.,INVOICE_POSTING
129,Finance posting fails for supplier invoice,The supplier invoice cannot be posted because the accounting configuration is incomplete. The behaviour occurs intermittently but affects normal business processing.,Financial Accounting,Finance,Medium,2025-12-30,Updated the relevant finance settings.,INVOICE_POSTING
130,Accounting document not created,The supplier invoice cannot be posted because the accounting configuration is incomplete. The problem was reproduced in the development environment.,Financial Accounting,Finance,Medium,2025-10-10,Resolved the posting configuration issue.,INVOICE_POSTING
131,Invoice cannot be posted,The invoice process stops before an accounting document is generated. Several users reported the same behaviour during morning operations.,Financial Accounting,Finance,Low,2025-07-15,Corrected the accounting configuration.,INVOICE_POSTING
132,Accounting document not created,Finance users receive an error while posting an incoming invoice. The problem started after a recent configuration change.,Financial Accounting,Finance,Medium,2026-02-21,Updated the relevant finance settings.,INVOICE_POSTING
133,Finance posting fails for supplier invoice,The supplier invoice cannot be posted because the accounting configuration is incomplete. The problem affects an important business process and requires investigation.,Financial Accounting,Finance,Medium,2025-09-04,Resolved the posting configuration issue.,INVOICE_POSTING
134,Supplier invoice posting error,Finance users receive an error while posting an incoming invoice. Several users reported the same behaviour during morning operations.,Financial Accounting,Finance,Medium,2026-05-18,Updated the relevant finance settings.,INVOICE_POSTING
135,Accounting document not created,Finance users receive an error while posting an incoming invoice. The issue became visible after the user's latest login.,Financial Accounting,Finance,High,2025-04-06,Updated the relevant finance settings.,INVOICE_POSTING
136,Accounting document not created,The supplier invoice cannot be posted because the accounting configuration is incomplete. Several users reported the same behaviour during morning operations.,Financial Accounting,Finance,Medium,2025-09-07,Updated the relevant finance settings.,INVOICE_POSTING
137,Invoice cannot be posted,Posting fails when the user attempts to save the supplier invoice. The problem started after a recent configuration change.,Financial Accounting,Finance,High,2026-01-13,Updated the relevant finance settings.,INVOICE_POSTING
138,Invoice cannot be posted,The invoice process stops before an accounting document is generated. The behaviour occurs intermittently but affects normal business processing.,Financial Accounting,Finance,Medium,2025-12-19,Updated the relevant finance settings.,INVOICE_POSTING
139,Supplier invoice posting error,Finance users receive an error while posting an incoming invoice. The issue was first reported by a business user during normal daily processing.,Financial Accounting,Finance,Critical,2026-07-18,Updated the relevant finance settings.,INVOICE_POSTING
140,Invoice cannot be posted,The supplier invoice cannot be posted because the accounting configuration is incomplete. The problem started after a recent configuration change.,Financial Accounting,Finance,Medium,2026-04-10,Updated the relevant finance settings.,INVOICE_POSTING
141,Finance posting fails for supplier invoice,Finance users receive an error while posting an incoming invoice. The problem was reproduced in the development environment.,Financial Accounting,Finance,Medium,2025-08-25,Corrected the accounting configuration.,INVOICE_POSTING
142,Supplier invoice posting error,Finance users receive an error while posting an incoming invoice. The issue occurs consistently when the affected function is executed.,Financial Accounting,Finance,High,2025-11-20,Corrected the accounting configuration.,INVOICE_POSTING
143,Accounting document not created,Posting fails when the user attempts to save the supplier invoice. The issue occurs consistently when the affected function is executed.,Financial Accounting,Finance,High,2025-07-09,Corrected the accounting configuration.,INVOICE_POSTING
144,Finance posting fails for supplier invoice,Finance users receive an error while posting an incoming invoice. The behaviour occurs intermittently but affects normal business processing.,Financial Accounting,Finance,Medium,2026-05-11,Updated the relevant finance settings.,INVOICE_POSTING
145,Accounting document not created,The supplier invoice cannot be posted because the accounting configuration is incomplete. The problem started after a recent configuration change.,Financial Accounting,Finance,High,2026-06-22,Resolved the posting configuration issue.,INVOICE_POSTING
146,Invoice cannot be posted,Finance users receive an error while posting an incoming invoice. The issue became visible after the user's latest login.,Financial Accounting,Finance,Medium,2025-04-13,Corrected the accounting configuration.,INVOICE_POSTING
147,Finance posting fails for supplier invoice,The supplier invoice cannot be posted because the accounting configuration is incomplete. The issue became visible after the user's latest login.,Financial Accounting,Finance,Medium,2026-01-05,Corrected the accounting configuration.,INVOICE_POSTING
148,Finance posting fails for supplier invoice,The invoice process stops before an accounting document is generated. Several users reported the same behaviour during morning operations.,Financial Accounting,Finance,Medium,2026-07-01,Corrected the accounting configuration.,INVOICE_POSTING
149,Accounting document not created,Finance users receive an error while posting an incoming invoice. The issue occurs consistently when the affected function is executed.,Financial Accounting,Finance,Medium,2025-02-25,Resolved the posting configuration issue.,INVOICE_POSTING
150,Finance posting fails for supplier invoice,Finance users receive an error while posting an incoming invoice. The problem affects an important business process and requires investigation.,Financial Accounting,Finance,Medium,2025-05-10,Resolved the posting configuration issue.,INVOICE_POSTING
151,Interface messages are failing,Messages between the source and target systems are failing during integration processing. The behaviour occurs intermittently but affects normal business processing.,Integration,Integration and Interface,Critical,2025-07-05,Fixed the interface configuration and reprocessed messages.,INTERFACE_FAILURE
152,Messages stuck in integration flow,Messages between the source and target systems are failing during integration processing. The problem affects an important business process and requires investigation.,Integration,Integration and Interface,Medium,2026-05-19,Corrected the target endpoint configuration.,INTERFACE_FAILURE
153,Outbound interface failure,Messages between the source and target systems are failing during integration processing. The problem was reproduced in the development environment.,Integration,Integration and Interface,Medium,2026-02-23,Updated the integration credentials.,INTERFACE_FAILURE
154,Outbound interface failure,The connected systems are not exchanging messages successfully. The problem was reproduced in the development environment.,Integration,Integration and Interface,Medium,2025-04-18,Corrected the target endpoint configuration.,INTERFACE_FAILURE
155,Messages stuck in integration flow,Outbound interface messages remain in an error state. The behaviour occurs intermittently but affects normal business processing.,Integration,Integration and Interface,Medium,2026-05-23,Updated the integration credentials.,INTERFACE_FAILURE
156,Integration flow cannot deliver messages,The connected systems are not exchanging messages successfully. The issue occurs consistently when the affected function is executed.,Integration,Integration and Interface,High,2026-02-15,Fixed the interface configuration and reprocessed messages.,INTERFACE_FAILURE
157,Messages stuck in integration flow,Messages between the source and target systems are failing during integration processing. The problem started after a recent configuration change.,Integration,Integration and Interface,Low,2025-04-01,Updated the integration credentials.,INTERFACE_FAILURE
158,Outbound interface failure,The connected systems are not exchanging messages successfully. The issue was first reported by a business user during normal daily processing.,Integration,Integration and Interface,Medium,2025-04-29,Updated the integration credentials.,INTERFACE_FAILURE
159,Interface messages are failing,Outbound interface messages remain in an error state. The behaviour occurs intermittently but affects normal business processing.,Integration,Integration and Interface,High,2025-01-02,Fixed the interface configuration and reprocessed messages.,INTERFACE_FAILURE
160,Interface messages are failing,The integration flow receives data but cannot deliver it to the target system. The issue occurs consistently when the affected function is executed.,Integration,Integration and Interface,High,2026-04-19,Updated the integration credentials.,INTERFACE_FAILURE
161,Messages stuck in integration flow,Outbound interface messages remain in an error state. The issue occurs consistently when the affected function is executed.,Integration,Integration and Interface,Low,2026-06-15,Updated the integration credentials.,INTERFACE_FAILURE
162,Interface messages are failing,The connected systems are not exchanging messages successfully. The issue was first reported by a business user during normal daily processing.,Integration,Integration and Interface,Medium,2026-05-26,Fixed the interface configuration and reprocessed messages.,INTERFACE_FAILURE
163,Messages stuck in integration flow,The connected systems are not exchanging messages successfully. Several users reported the same behaviour during morning operations.,Integration,Integration and Interface,Medium,2025-02-22,Corrected the target endpoint configuration.,INTERFACE_FAILURE
164,Outbound interface failure,The integration flow receives data but cannot deliver it to the target system. Several users reported the same behaviour during morning operations.,Integration,Integration and Interface,Medium,2025-05-15,Updated the integration credentials.,INTERFACE_FAILURE
165,Outbound interface failure,Messages between the source and target systems are failing during integration processing. The issue occurs consistently when the affected function is executed.,Integration,Integration and Interface,Medium,2026-05-12,Corrected the target endpoint configuration.,INTERFACE_FAILURE
166,Interface messages are failing,The connected systems are not exchanging messages successfully. The problem started after a recent configuration change.,Integration,Integration and Interface,Low,2025-09-03,Fixed the interface configuration and reprocessed messages.,INTERFACE_FAILURE
167,Integration flow cannot deliver messages,Messages between the source and target systems are failing during integration processing. The issue occurs consistently when the affected function is executed.,Integration,Integration and Interface,Low,2026-07-19,Corrected the target endpoint configuration.,INTERFACE_FAILURE
168,Messages stuck in integration flow,The connected systems are not exchanging messages successfully. The issue became visible after the user's latest login.,Integration,Integration and Interface,Medium,2025-04-06,Corrected the target endpoint configuration.,INTERFACE_FAILURE
169,Messages stuck in integration flow,The connected systems are not exchanging messages successfully. The problem was reproduced in the development environment.,Integration,Integration and Interface,Critical,2025-04-27,Updated the integration credentials.,INTERFACE_FAILURE
170,Outbound interface failure,The connected systems are not exchanging messages successfully. The issue became visible after the user's latest login.,Integration,Integration and Interface,Critical,2025-06-07,Updated the integration credentials.,INTERFACE_FAILURE
171,Messages stuck in integration flow,The integration flow receives data but cannot deliver it to the target system. The problem was reproduced in the development environment.,Integration,Integration and Interface,Critical,2025-10-26,Fixed the interface configuration and reprocessed messages.,INTERFACE_FAILURE
172,Outbound interface failure,The connected systems are not exchanging messages successfully. The problem affects an important business process and requires investigation.,Integration,Integration and Interface,High,2026-03-02,Updated the integration credentials.,INTERFACE_FAILURE
173,Messages stuck in integration flow,Messages between the source and target systems are failing during integration processing. The issue was first reported by a business user during normal daily processing.,Integration,Integration and Interface,Critical,2025-09-07,Updated the integration credentials.,INTERFACE_FAILURE
174,Outbound interface failure,Outbound interface messages remain in an error state. Several users reported the same behaviour during morning operations.,Integration,Integration and Interface,Medium,2026-01-28,Corrected the target endpoint configuration.,INTERFACE_FAILURE
175,Messages stuck in integration flow,The integration flow receives data but cannot deliver it to the target system. The behaviour occurs intermittently but affects normal business processing.,Integration,Integration and Interface,Critical,2026-06-05,Fixed the interface configuration and reprocessed messages.,INTERFACE_FAILURE
176,Messages stuck in integration flow,Outbound interface messages remain in an error state. Several users reported the same behaviour during morning operations.,Integration,Integration and Interface,High,2025-03-13,Updated the integration credentials.,INTERFACE_FAILURE
177,Integration flow cannot deliver messages,The integration flow receives data but cannot deliver it to the target system. The issue became visible after the user's latest login.,Integration,Integration and Interface,High,2026-03-01,Updated the integration credentials.,INTERFACE_FAILURE
178,Outbound interface failure,Outbound interface messages remain in an error state. The issue became visible after the user's latest login.,Integration,Integration and Interface,Critical,2026-06-04,Updated the integration credentials.,INTERFACE_FAILURE
179,Outbound interface failure,Outbound interface messages remain in an error state. The behaviour occurs intermittently but affects normal business processing.,Integration,Integration and Interface,High,2025-10-17,Fixed the interface configuration and reprocessed messages.,INTERFACE_FAILURE
180,Outbound interface failure,Messages between the source and target systems are failing during integration processing. The issue became visible after the user's latest login.,Integration,Integration and Interface,Medium,2026-05-17,Corrected the target endpoint configuration.,INTERFACE_FAILURE
181,Integration flow cannot deliver messages,The integration flow receives data but cannot deliver it to the target system. The problem affects an important business process and requires investigation.,Integration,Integration and Interface,Medium,2026-05-11,Updated the integration credentials.,INTERFACE_FAILURE
182,Outbound interface failure,Messages between the source and target systems are failing during integration processing. The problem started after a recent configuration change.,Integration,Integration and Interface,Medium,2026-07-11,Updated the integration credentials.,INTERFACE_FAILURE
183,Outbound interface failure,The connected systems are not exchanging messages successfully. Several users reported the same behaviour during morning operations.,Integration,Integration and Interface,Medium,2025-11-26,Corrected the target endpoint configuration.,INTERFACE_FAILURE
184,Integration flow cannot deliver messages,The connected systems are not exchanging messages successfully. Several users reported the same behaviour during morning operations.,Integration,Integration and Interface,Critical,2025-09-02,Fixed the interface configuration and reprocessed messages.,INTERFACE_FAILURE
185,Messages stuck in integration flow,Messages between the source and target systems are failing during integration processing. The behaviour occurs intermittently but affects normal business processing.,Integration,Integration and Interface,Medium,2026-02-25,Corrected the target endpoint configuration.,INTERFACE_FAILURE
186,Messages stuck in integration flow,The integration flow receives data but cannot deliver it to the target system. Several users reported the same behaviour during morning operations.,Integration,Integration and Interface,Medium,2026-04-30,Fixed the interface configuration and reprocessed messages.,INTERFACE_FAILURE
187,Interface messages are failing,Messages between the source and target systems are failing during integration processing. The issue occurs consistently when the affected function is executed.,Integration,Integration and Interface,Critical,2026-01-26,Updated the integration credentials.,INTERFACE_FAILURE
188,Outbound interface failure,Outbound interface messages remain in an error state. The issue occurs consistently when the affected function is executed.,Integration,Integration and Interface,Critical,2025-06-05,Updated the integration credentials.,INTERFACE_FAILURE
189,Integration flow cannot deliver messages,Outbound interface messages remain in an error state. The problem started after a recent configuration change.,Integration,Integration and Interface,Critical,2025-05-10,Fixed the interface configuration and reprocessed messages.,INTERFACE_FAILURE
190,Interface messages are failing,Outbound interface messages remain in an error state. The problem started after a recent configuration change.,Integration,Integration and Interface,Critical,2025-12-06,Corrected the target endpoint configuration.,INTERFACE_FAILURE
191,Outbound interface failure,Messages between the source and target systems are failing during integration processing. The behaviour occurs intermittently but affects normal business processing.,Integration,Integration and Interface,High,2026-03-27,Corrected the target endpoint configuration.,INTERFACE_FAILURE
192,Integration flow cannot deliver messages,The integration flow receives data but cannot deliver it to the target system. The problem started after a recent configuration change.,Integration,Integration and Interface,Medium,2026-04-13,Corrected the target endpoint configuration.,INTERFACE_FAILURE
193,Outbound interface failure,The connected systems are not exchanging messages successfully. The problem started after a recent configuration change.,Integration,Integration and Interface,High,2026-02-24,Fixed the interface configuration and reprocessed messages.,INTERFACE_FAILURE
194,Integration flow cannot deliver messages,Messages between the source and target systems are failing during integration processing. Several users reported the same behaviour during morning operations.,Integration,Integration and Interface,Critical,2025-03-18,Updated the integration credentials.,INTERFACE_FAILURE
195,Messages stuck in integration flow,The connected systems are not exchanging messages successfully. The problem affects an important business process and requires investigation.,Integration,Integration and Interface,High,2025-09-29,Updated the integration credentials.,INTERFACE_FAILURE
196,Outbound interface failure,Outbound interface messages remain in an error state. The problem was reproduced in the development environment.,Integration,Integration and Interface,Medium,2026-02-12,Fixed the interface configuration and reprocessed messages.,INTERFACE_FAILURE
197,Outbound interface failure,The connected systems are not exchanging messages successfully. The behaviour occurs intermittently but affects normal business processing.,Integration,Integration and Interface,Low,2025-12-03,Fixed the interface configuration and reprocessed messages.,INTERFACE_FAILURE
198,Integration flow cannot deliver messages,The integration flow receives data but cannot deliver it to the target system. Several users reported the same behaviour during morning operations.,Integration,Integration and Interface,High,2026-01-25,Updated the integration credentials.,INTERFACE_FAILURE
199,Integration flow cannot deliver messages,The connected systems are not exchanging messages successfully. The problem affects an important business process and requires investigation.,Integration,Integration and Interface,Medium,2026-05-15,Fixed the interface configuration and reprocessed messages.,INTERFACE_FAILURE
200,Integration flow cannot deliver messages,The integration flow receives data but cannot deliver it to the target system. The issue was first reported by a business user during normal daily processing.,Integration,Integration and Interface,Low,2025-03-12,Corrected the target endpoint configuration.,INTERFACE_FAILURE
201,Closing report takes too long,Users report that the analytics report has become extremely slow. The issue occurs consistently when the affected function is executed.,Analytics,Performance,Low,2026-02-09,Optimized the database query.,SLOW_REPORT
202,Closing report takes too long,The financial closing report now takes significantly longer to execute than usual. The issue was first reported by a business user during normal daily processing.,Analytics,Performance,Medium,2025-05-07,Adjusted the query filters and database operation.,SLOW_REPORT
203,Analytics report performance degraded,The financial closing report now takes significantly longer to execute than usual. The problem affects an important business process and requires investigation.,Analytics,Performance,Medium,2025-09-26,Improved the underlying query performance.,SLOW_REPORT
204,Analytics report performance degraded,Users report that the analytics report has become extremely slow. The issue became visible after the user's latest login.,Analytics,Performance,Medium,2026-01-16,Optimized the database query.,SLOW_REPORT
205,Analytics report performance degraded,The report completes successfully but response time has degraded substantially. The issue occurs consistently when the affected function is executed.,Analytics,Performance,High,2026-04-28,Optimized the database query.,SLOW_REPORT
206,Analytics report performance degraded,A previously fast reporting query now requires several minutes to return results. The issue became visible after the user's latest login.,Analytics,Performance,Medium,2026-07-29,Adjusted the query filters and database operation.,SLOW_REPORT
207,Closing report takes too long,The financial closing report now takes significantly longer to execute than usual. The problem started after a recent configuration change.,Analytics,Performance,Critical,2025-08-15,Improved the underlying query performance.,SLOW_REPORT
208,Closing report takes too long,A previously fast reporting query now requires several minutes to return results. The problem started after a recent configuration change.,Analytics,Performance,Low,2026-04-21,Improved the underlying query performance.,SLOW_REPORT
209,Closing report takes too long,The financial closing report now takes significantly longer to execute than usual. The issue became visible after the user's latest login.,Analytics,Performance,Medium,2026-02-23,Optimized the database query.,SLOW_REPORT
210,Long response time when running report,The financial closing report now takes significantly longer to execute than usual. The issue was first reported by a business user during normal daily processing.,Analytics,Performance,Low,2025-02-08,Adjusted the query filters and database operation.,SLOW_REPORT
211,Long response time when running report,Users report that the analytics report has become extremely slow. The issue became visible after the user's latest login.,Analytics,Performance,Critical,2025-04-29,Optimized the database query.,SLOW_REPORT
212,Long response time when running report,Users report that the analytics report has become extremely slow. The problem was reproduced in the development environment.,Analytics,Performance,Medium,2026-07-05,Optimized the database query.,SLOW_REPORT
213,Analytics report performance degraded,The financial closing report now takes significantly longer to execute than usual. The problem started after a recent configuration change.,Analytics,Performance,Medium,2026-01-15,Improved the underlying query performance.,SLOW_REPORT
214,Report execution is extremely slow,A previously fast reporting query now requires several minutes to return results. Several users reported the same behaviour during morning operations.,Analytics,Performance,Critical,2026-07-08,Adjusted the query filters and database operation.,SLOW_REPORT
215,Analytics report performance degraded,Users report that the analytics report has become extremely slow. The issue was first reported by a business user during normal daily processing.,Analytics,Performance,Medium,2025-06-08,Adjusted the query filters and database operation.,SLOW_REPORT
216,Closing report takes too long,A previously fast reporting query now requires several minutes to return results. The problem was reproduced in the development environment.,Analytics,Performance,High,2026-05-17,Improved the underlying query performance.,SLOW_REPORT
217,Long response time when running report,Users report that the analytics report has become extremely slow. The issue occurs consistently when the affected function is executed.,Analytics,Performance,Medium,2025-10-14,Optimized the database query.,SLOW_REPORT
218,Closing report takes too long,The report completes successfully but response time has degraded substantially. The behaviour occurs intermittently but affects normal business processing.,Analytics,Performance,High,2025-08-11,Adjusted the query filters and database operation.,SLOW_REPORT
219,Analytics report performance degraded,The report completes successfully but response time has degraded substantially. Several users reported the same behaviour during morning operations.,Analytics,Performance,Medium,2025-08-30,Adjusted the query filters and database operation.,SLOW_REPORT
220,Report execution is extremely slow,A previously fast reporting query now requires several minutes to return results. The issue occurs consistently when the affected function is executed.,Analytics,Performance,Low,2026-01-12,Improved the underlying query performance.,SLOW_REPORT
221,Analytics report performance degraded,The financial closing report now takes significantly longer to execute than usual. The issue occurs consistently when the affected function is executed.,Analytics,Performance,Critical,2026-01-03,Optimized the database query.,SLOW_REPORT
222,Long response time when running report,The report completes successfully but response time has degraded substantially. The issue became visible after the user's latest login.,Analytics,Performance,Medium,2025-07-14,Optimized the database query.,SLOW_REPORT
223,Long response time when running report,The report completes successfully but response time has degraded substantially. Several users reported the same behaviour during morning operations.,Analytics,Performance,Critical,2026-04-11,Optimized the database query.,SLOW_REPORT
224,Closing report takes too long,Users report that the analytics report has become extremely slow. The problem was reproduced in the development environment.,Analytics,Performance,High,2025-01-22,Optimized the database query.,SLOW_REPORT
225,Closing report takes too long,A previously fast reporting query now requires several minutes to return results. The issue became visible after the user's latest login.,Analytics,Performance,High,2025-09-07,Optimized the database query.,SLOW_REPORT
226,Long response time when running report,The report completes successfully but response time has degraded substantially. The problem affects an important business process and requires investigation.,Analytics,Performance,High,2025-07-30,Optimized the database query.,SLOW_REPORT
227,Long response time when running report,A previously fast reporting query now requires several minutes to return results. The problem affects an important business process and requires investigation.,Analytics,Performance,High,2026-07-22,Optimized the database query.,SLOW_REPORT
228,Report execution is extremely slow,The financial closing report now takes significantly longer to execute than usual. The problem was reproduced in the development environment.,Analytics,Performance,Medium,2025-08-27,Adjusted the query filters and database operation.,SLOW_REPORT
229,Long response time when running report,A previously fast reporting query now requires several minutes to return results. The problem started after a recent configuration change.,Analytics,Performance,High,2025-01-03,Adjusted the query filters and database operation.,SLOW_REPORT
230,Long response time when running report,A previously fast reporting query now requires several minutes to return results. The problem was reproduced in the development environment.,Analytics,Performance,High,2025-05-29,Optimized the database query.,SLOW_REPORT
231,Long response time when running report,Users report that the analytics report has become extremely slow. The problem started after a recent configuration change.,Analytics,Performance,Medium,2025-06-28,Optimized the database query.,SLOW_REPORT
232,Analytics report performance degraded,The financial closing report now takes significantly longer to execute than usual. Several users reported the same behaviour during morning operations.,Analytics,Performance,High,2025-01-27,Optimized the database query.,SLOW_REPORT
233,Report execution is extremely slow,A previously fast reporting query now requires several minutes to return results. The problem was reproduced in the development environment.,Analytics,Performance,Low,2025-09-01,Improved the underlying query performance.,SLOW_REPORT
234,Report execution is extremely slow,The report completes successfully but response time has degraded substantially. The issue occurs consistently when the affected function is executed.,Analytics,Performance,Medium,2025-06-28,Adjusted the query filters and database operation.,SLOW_REPORT
235,Report execution is extremely slow,The financial closing report now takes significantly longer to execute than usual. Several users reported the same behaviour during morning operations.,Analytics,Performance,Low,2026-03-08,Improved the underlying query performance.,SLOW_REPORT
236,Report execution is extremely slow,The financial closing report now takes significantly longer to execute than usual. The issue became visible after the user's latest login.,Analytics,Performance,Low,2025-03-07,Adjusted the query filters and database operation.,SLOW_REPORT
237,Report execution is extremely slow,Users report that the analytics report has become extremely slow. The issue was first reported by a business user during normal daily processing.,Analytics,Performance,Medium,2026-01-06,Improved the underlying query performance.,SLOW_REPORT
238,Report execution is extremely slow,The report completes successfully but response time has degraded substantially. The issue was first reported by a business user during normal daily processing.,Analytics,Performance,Medium,2026-04-08,Improved the underlying query performance.,SLOW_REPORT
239,Long response time when running report,The report completes successfully but response time has degraded substantially. The behaviour occurs intermittently but affects normal business processing.,Analytics,Performance,Medium,2025-02-14,Improved the underlying query performance.,SLOW_REPORT
240,Long response time when running report,The financial closing report now takes significantly longer to execute than usual. The problem was reproduced in the development environment.,Analytics,Performance,High,2026-06-18,Adjusted the query filters and database operation.,SLOW_REPORT
241,Closing report takes too long,A previously fast reporting query now requires several minutes to return results. The behaviour occurs intermittently but affects normal business processing.,Analytics,Performance,Medium,2025-02-01,Optimized the database query.,SLOW_REPORT
242,Long response time when running report,Users report that the analytics report has become extremely slow. Several users reported the same behaviour during morning operations.,Analytics,Performance,Critical,2026-02-16,Adjusted the query filters and database operation.,SLOW_REPORT
243,Report execution is extremely slow,Users report that the analytics report has become extremely slow. The issue became visible after the user's latest login.,Analytics,Performance,High,2026-05-18,Improved the underlying query performance.,SLOW_REPORT
244,Long response time when running report,Users report that the analytics report has become extremely slow. The issue was first reported by a business user during normal daily processing.,Analytics,Performance,Critical,2025-03-17,Optimized the database query.,SLOW_REPORT
245,Long response time when running report,The financial closing report now takes significantly longer to execute than usual. The issue became visible after the user's latest login.,Analytics,Performance,Medium,2025-06-01,Optimized the database query.,SLOW_REPORT
246,Long response time when running report,Users report that the analytics report has become extremely slow. The behaviour occurs intermittently but affects normal business processing.,Analytics,Performance,Low,2026-07-16,Improved the underlying query performance.,SLOW_REPORT
247,Long response time when running report,The report completes successfully but response time has degraded substantially. The issue was first reported by a business user during normal daily processing.,Analytics,Performance,Medium,2026-06-28,Adjusted the query filters and database operation.,SLOW_REPORT
248,Analytics report performance degraded,Users report that the analytics report has become extremely slow. The issue occurs consistently when the affected function is executed.,Analytics,Performance,Medium,2026-03-17,Optimized the database query.,SLOW_REPORT
249,Closing report takes too long,The financial closing report now takes significantly longer to execute than usual. The problem was reproduced in the development environment.,Analytics,Performance,High,2025-04-28,Improved the underlying query performance.,SLOW_REPORT
250,Report execution is extremely slow,The financial closing report now takes significantly longer to execute than usual. The issue was first reported by a business user during normal daily processing.,Analytics,Performance,High,2026-07-19,Improved the underlying query performance.,SLOW_REPORT
251,Report does not show current records,The dashboard loads successfully but recent business transactions are not displayed. The behaviour occurs intermittently but affects normal business processing.,Business Intelligence,Reporting and Analytics,Critical,2025-02-26,Corrected the failed data refresh.,MISSING_REPORT_DATA
252,Dashboard is missing recent data,Recent transactions are absent even though older report data is available. The problem affects an important business process and requires investigation.,Business Intelligence,Reporting and Analytics,Medium,2025-08-05,Corrected the failed data refresh.,MISSING_REPORT_DATA
253,Latest transactions absent from report,"Users can open the report, but the latest records are missing. The issue became visible after the user's latest login.",Business Intelligence,Reporting and Analytics,High,2025-10-24,Restarted the data-loading process.,MISSING_REPORT_DATA
254,Analytics dashboard incomplete,The dashboard loads successfully but recent business transactions are not displayed. The problem started after a recent configuration change.,Business Intelligence,Reporting and Analytics,Low,2026-05-25,Fixed the extraction issue and refreshed the dataset.,MISSING_REPORT_DATA
255,Report does not show current records,The analytics application shows incomplete data after the latest load. The problem started after a recent configuration change.,Business Intelligence,Reporting and Analytics,Medium,2025-05-13,Restarted the data-loading process.,MISSING_REPORT_DATA
256,Latest transactions absent from report,The analytics application shows incomplete data after the latest load. The behaviour occurs intermittently but affects normal business processing.,Business Intelligence,Reporting and Analytics,Medium,2025-08-24,Fixed the extraction issue and refreshed the dataset.,MISSING_REPORT_DATA
257,Latest transactions absent from report,"Users can open the report, but the latest records are missing. Several users reported the same behaviour during morning operations.",Business Intelligence,Reporting and Analytics,Medium,2025-12-29,Corrected the failed data refresh.,MISSING_REPORT_DATA
258,Latest transactions absent from report,The dashboard loads successfully but recent business transactions are not displayed. Several users reported the same behaviour during morning operations.,Business Intelligence,Reporting and Analytics,Medium,2025-02-13,Restarted the data-loading process.,MISSING_REPORT_DATA
259,Latest transactions absent from report,The analytics application shows incomplete data after the latest load. The problem affects an important business process and requires investigation.,Business Intelligence,Reporting and Analytics,Low,2025-03-21,Restarted the data-loading process.,MISSING_REPORT_DATA
260,Dashboard is missing recent data,The analytics application shows incomplete data after the latest load. Several users reported the same behaviour during morning operations.,Business Intelligence,Reporting and Analytics,Medium,2026-02-19,Fixed the extraction issue and refreshed the dataset.,MISSING_REPORT_DATA
261,Report does not show current records,Recent transactions are absent even though older report data is available. The problem affects an important business process and requires investigation.,Business Intelligence,Reporting and Analytics,Medium,2025-10-24,Corrected the failed data refresh.,MISSING_REPORT_DATA
262,Dashboard is missing recent data,Recent transactions are absent even though older report data is available. The issue became visible after the user's latest login.,Business Intelligence,Reporting and Analytics,Medium,2025-11-29,Corrected the failed data refresh.,MISSING_REPORT_DATA
263,Latest transactions absent from report,The analytics application shows incomplete data after the latest load. The problem was reproduced in the development environment.,Business Intelligence,Reporting and Analytics,High,2026-04-17,Fixed the extraction issue and refreshed the dataset.,MISSING_REPORT_DATA
264,Latest transactions absent from report,The dashboard loads successfully but recent business transactions are not displayed. The issue was first reported by a business user during normal daily processing.,Business Intelligence,Reporting and Analytics,Critical,2025-04-01,Restarted the data-loading process.,MISSING_REPORT_DATA
265,Latest transactions absent from report,The dashboard loads successfully but recent business transactions are not displayed. The problem was reproduced in the development environment.,Business Intelligence,Reporting and Analytics,High,2025-09-07,Restarted the data-loading process.,MISSING_REPORT_DATA
266,Analytics dashboard incomplete,The analytics application shows incomplete data after the latest load. The issue occurs consistently when the affected function is executed.,Business Intelligence,Reporting and Analytics,Medium,2026-06-21,Corrected the failed data refresh.,MISSING_REPORT_DATA
267,Analytics dashboard incomplete,The analytics application shows incomplete data after the latest load. The issue was first reported by a business user during normal daily processing.,Business Intelligence,Reporting and Analytics,Medium,2025-11-14,Fixed the extraction issue and refreshed the dataset.,MISSING_REPORT_DATA
268,Latest transactions absent from report,The dashboard loads successfully but recent business transactions are not displayed. The behaviour occurs intermittently but affects normal business processing.,Business Intelligence,Reporting and Analytics,Medium,2025-12-08,Corrected the failed data refresh.,MISSING_REPORT_DATA
269,Latest transactions absent from report,The analytics application shows incomplete data after the latest load. The issue became visible after the user's latest login.,Business Intelligence,Reporting and Analytics,Low,2025-04-27,Fixed the extraction issue and refreshed the dataset.,MISSING_REPORT_DATA
270,Analytics dashboard incomplete,The dashboard loads successfully but recent business transactions are not displayed. Several users reported the same behaviour during morning operations.,Business Intelligence,Reporting and Analytics,Medium,2025-12-24,Restarted the data-loading process.,MISSING_REPORT_DATA
271,Analytics dashboard incomplete,Recent transactions are absent even though older report data is available. The issue was first reported by a business user during normal daily processing.,Business Intelligence,Reporting and Analytics,High,2025-06-01,Corrected the failed data refresh.,MISSING_REPORT_DATA
272,Report does not show current records,The analytics application shows incomplete data after the latest load. Several users reported the same behaviour during morning operations.,Business Intelligence,Reporting and Analytics,Low,2025-09-20,Corrected the failed data refresh.,MISSING_REPORT_DATA
273,Report does not show current records,"Users can open the report, but the latest records are missing. The issue became visible after the user's latest login.",Business Intelligence,Reporting and Analytics,Low,2025-06-06,Fixed the extraction issue and refreshed the dataset.,MISSING_REPORT_DATA
274,Analytics dashboard incomplete,The dashboard loads successfully but recent business transactions are not displayed. The problem was reproduced in the development environment.,Business Intelligence,Reporting and Analytics,Low,2026-05-21,Restarted the data-loading process.,MISSING_REPORT_DATA
275,Latest transactions absent from report,Recent transactions are absent even though older report data is available. The issue was first reported by a business user during normal daily processing.,Business Intelligence,Reporting and Analytics,High,2026-04-05,Fixed the extraction issue and refreshed the dataset.,MISSING_REPORT_DATA
276,Dashboard is missing recent data,The dashboard loads successfully but recent business transactions are not displayed. Several users reported the same behaviour during morning operations.,Business Intelligence,Reporting and Analytics,Critical,2025-11-27,Fixed the extraction issue and refreshed the dataset.,MISSING_REPORT_DATA
277,Report does not show current records,The dashboard loads successfully but recent business transactions are not displayed. The issue became visible after the user's latest login.,Business Intelligence,Reporting and Analytics,Medium,2026-03-27,Corrected the failed data refresh.,MISSING_REPORT_DATA
278,Analytics dashboard incomplete,"Users can open the report, but the latest records are missing. The problem affects an important business process and requires investigation.",Business Intelligence,Reporting and Analytics,Medium,2025-11-07,Restarted the data-loading process.,MISSING_REPORT_DATA
279,Analytics dashboard incomplete,The dashboard loads successfully but recent business transactions are not displayed. The issue occurs consistently when the affected function is executed.,Business Intelligence,Reporting and Analytics,Medium,2025-12-27,Fixed the extraction issue and refreshed the dataset.,MISSING_REPORT_DATA
280,Report does not show current records,"Users can open the report, but the latest records are missing. The problem started after a recent configuration change.",Business Intelligence,Reporting and Analytics,Low,2026-04-18,Restarted the data-loading process.,MISSING_REPORT_DATA
281,Latest transactions absent from report,Recent transactions are absent even though older report data is available. The problem started after a recent configuration change.,Business Intelligence,Reporting and Analytics,Low,2026-01-13,Restarted the data-loading process.,MISSING_REPORT_DATA
282,Analytics dashboard incomplete,The dashboard loads successfully but recent business transactions are not displayed. The behaviour occurs intermittently but affects normal business processing.,Business Intelligence,Reporting and Analytics,Low,2025-04-03,Fixed the extraction issue and refreshed the dataset.,MISSING_REPORT_DATA
283,Analytics dashboard incomplete,The analytics application shows incomplete data after the latest load. The problem started after a recent configuration change.,Business Intelligence,Reporting and Analytics,Medium,2026-01-29,Restarted the data-loading process.,MISSING_REPORT_DATA
284,Report does not show current records,Recent transactions are absent even though older report data is available. The issue occurs consistently when the affected function is executed.,Business Intelligence,Reporting and Analytics,Medium,2025-02-12,Restarted the data-loading process.,MISSING_REPORT_DATA
285,Dashboard is missing recent data,The analytics application shows incomplete data after the latest load. The problem was reproduced in the development environment.,Business Intelligence,Reporting and Analytics,Critical,2025-07-12,Restarted the data-loading process.,MISSING_REPORT_DATA
286,Latest transactions absent from report,Recent transactions are absent even though older report data is available. The behaviour occurs intermittently but affects normal business processing.,Business Intelligence,Reporting and Analytics,Medium,2026-05-29,Corrected the failed data refresh.,MISSING_REPORT_DATA
287,Dashboard is missing recent data,The analytics application shows incomplete data after the latest load. The problem affects an important business process and requires investigation.,Business Intelligence,Reporting and Analytics,Critical,2026-04-07,Corrected the failed data refresh.,MISSING_REPORT_DATA
288,Latest transactions absent from report,The dashboard loads successfully but recent business transactions are not displayed. The problem affects an important business process and requires investigation.,Business Intelligence,Reporting and Analytics,High,2025-12-18,Fixed the extraction issue and refreshed the dataset.,MISSING_REPORT_DATA
289,Report does not show current records,Recent transactions are absent even though older report data is available. The issue was first reported by a business user during normal daily processing.,Business Intelligence,Reporting and Analytics,Low,2025-06-26,Corrected the failed data refresh.,MISSING_REPORT_DATA
290,Latest transactions absent from report,Recent transactions are absent even though older report data is available. The issue occurs consistently when the affected function is executed.,Business Intelligence,Reporting and Analytics,Medium,2026-03-25,Restarted the data-loading process.,MISSING_REPORT_DATA
291,Dashboard is missing recent data,Recent transactions are absent even though older report data is available. Several users reported the same behaviour during morning operations.,Business Intelligence,Reporting and Analytics,Medium,2025-06-12,Restarted the data-loading process.,MISSING_REPORT_DATA
292,Dashboard is missing recent data,Recent transactions are absent even though older report data is available. The issue was first reported by a business user during normal daily processing.,Business Intelligence,Reporting and Analytics,Medium,2025-10-17,Restarted the data-loading process.,MISSING_REPORT_DATA
293,Analytics dashboard incomplete,Recent transactions are absent even though older report data is available. The issue occurs consistently when the affected function is executed.,Business Intelligence,Reporting and Analytics,Medium,2025-12-13,Fixed the extraction issue and refreshed the dataset.,MISSING_REPORT_DATA
294,Report does not show current records,The dashboard loads successfully but recent business transactions are not displayed. The problem started after a recent configuration change.,Business Intelligence,Reporting and Analytics,Medium,2025-12-09,Corrected the failed data refresh.,MISSING_REPORT_DATA
295,Dashboard is missing recent data,The dashboard loads successfully but recent business transactions are not displayed. The behaviour occurs intermittently but affects normal business processing.,Business Intelligence,Reporting and Analytics,Medium,2026-07-26,Fixed the extraction issue and refreshed the dataset.,MISSING_REPORT_DATA
296,Report does not show current records,Recent transactions are absent even though older report data is available. The issue became visible after the user's latest login.,Business Intelligence,Reporting and Analytics,Medium,2025-09-16,Fixed the extraction issue and refreshed the dataset.,MISSING_REPORT_DATA
297,Latest transactions absent from report,The analytics application shows incomplete data after the latest load. The issue was first reported by a business user during normal daily processing.,Business Intelligence,Reporting and Analytics,High,2025-06-03,Restarted the data-loading process.,MISSING_REPORT_DATA
298,Latest transactions absent from report,"Users can open the report, but the latest records are missing. The issue occurs consistently when the affected function is executed.",Business Intelligence,Reporting and Analytics,Low,2025-05-25,Restarted the data-loading process.,MISSING_REPORT_DATA
299,Dashboard is missing recent data,The dashboard loads successfully but recent business transactions are not displayed. The problem was reproduced in the development environment.,Business Intelligence,Reporting and Analytics,Medium,2026-02-06,Corrected the failed data refresh.,MISSING_REPORT_DATA
300,Dashboard is missing recent data,Recent transactions are absent even though older report data is available. The problem started after a recent configuration change.,Business Intelligence,Reporting and Analytics,Medium,2025-03-28,Restarted the data-loading process.,MISSING_REPORT_DATA
301,Multiple records created for same customer,Duplicate master data is causing inconsistent downstream processing. The problem was reproduced in the development environment.,Master Data Management,Master Data,Medium,2025-01-06,Merged the duplicate customer records.,MASTER_DATA_DUPLICATE
302,Duplicate master data detected,Duplicate master data is causing inconsistent downstream processing. Several users reported the same behaviour during morning operations.,Master Data Management,Master Data,Low,2025-08-09,Merged the duplicate customer records.,MASTER_DATA_DUPLICATE
303,Duplicate master data detected,The system contains duplicate records representing one customer. The issue occurs consistently when the affected function is executed.,Master Data Management,Master Data,Medium,2026-06-25,Removed the duplicate entry and retained the valid record.,MASTER_DATA_DUPLICATE
304,Duplicate customer master records,The system contains duplicate records representing one customer. The problem affects an important business process and requires investigation.,Master Data Management,Master Data,Low,2025-10-23,Merged the duplicate customer records.,MASTER_DATA_DUPLICATE
305,Customer exists multiple times,Multiple customer master records exist for the same business partner. Several users reported the same behaviour during morning operations.,Master Data Management,Master Data,Medium,2025-02-18,Merged the duplicate customer records.,MASTER_DATA_DUPLICATE
306,Duplicate master data detected,Duplicate master data is causing inconsistent downstream processing. The issue occurs consistently when the affected function is executed.,Master Data Management,Master Data,Medium,2026-04-14,Merged the duplicate customer records.,MASTER_DATA_DUPLICATE
307,Customer exists multiple times,The system contains duplicate records representing one customer. The problem was reproduced in the development environment.,Master Data Management,Master Data,Low,2026-05-27,Cleaned the duplicate master data.,MASTER_DATA_DUPLICATE
308,Customer exists multiple times,Duplicate master data is causing inconsistent downstream processing. The issue occurs consistently when the affected function is executed.,Master Data Management,Master Data,Medium,2026-06-12,Cleaned the duplicate master data.,MASTER_DATA_DUPLICATE
309,Multiple records created for same customer,Users discovered that the same customer was created more than once. The problem started after a recent configuration change.,Master Data Management,Master Data,Medium,2025-05-28,Removed the duplicate entry and retained the valid record.,MASTER_DATA_DUPLICATE
310,Duplicate master data detected,The system contains duplicate records representing one customer. The issue was first reported by a business user during normal daily processing.,Master Data Management,Master Data,Medium,2025-12-28,Merged the duplicate customer records.,MASTER_DATA_DUPLICATE
311,Duplicate master data detected,Duplicate master data is causing inconsistent downstream processing. The problem affects an important business process and requires investigation.,Master Data Management,Master Data,Medium,2025-07-11,Cleaned the duplicate master data.,MASTER_DATA_DUPLICATE
312,Duplicate customer master records,Users discovered that the same customer was created more than once. The issue became visible after the user's latest login.,Master Data Management,Master Data,High,2026-06-21,Removed the duplicate entry and retained the valid record.,MASTER_DATA_DUPLICATE
313,Duplicate customer master records,Duplicate master data is causing inconsistent downstream processing. The problem affects an important business process and requires investigation.,Master Data Management,Master Data,Low,2026-06-23,Cleaned the duplicate master data.,MASTER_DATA_DUPLICATE
314,Customer exists multiple times,Duplicate master data is causing inconsistent downstream processing. Several users reported the same behaviour during morning operations.,Master Data Management,Master Data,Medium,2026-06-04,Cleaned the duplicate master data.,MASTER_DATA_DUPLICATE
315,Duplicate master data detected,Duplicate master data is causing inconsistent downstream processing. The behaviour occurs intermittently but affects normal business processing.,Master Data Management,Master Data,Low,2026-04-27,Merged the duplicate customer records.,MASTER_DATA_DUPLICATE
316,Duplicate master data detected,Users discovered that the same customer was created more than once. The issue occurs consistently when the affected function is executed.,Master Data Management,Master Data,Medium,2026-01-18,Removed the duplicate entry and retained the valid record.,MASTER_DATA_DUPLICATE
317,Multiple records created for same customer,The system contains duplicate records representing one customer. The problem was reproduced in the development environment.,Master Data Management,Master Data,High,2026-01-01,Merged the duplicate customer records.,MASTER_DATA_DUPLICATE
318,Duplicate master data detected,Users discovered that the same customer was created more than once. The issue was first reported by a business user during normal daily processing.,Master Data Management,Master Data,Medium,2025-04-17,Cleaned the duplicate master data.,MASTER_DATA_DUPLICATE
319,Duplicate master data detected,Duplicate master data is causing inconsistent downstream processing. The issue was first reported by a business user during normal daily processing.,Master Data Management,Master Data,High,2025-12-07,Merged the duplicate customer records.,MASTER_DATA_DUPLICATE
320,Duplicate customer master records,Duplicate master data is causing inconsistent downstream processing. The problem started after a recent configuration change.,Master Data Management,Master Data,Low,2026-07-14,Removed the duplicate entry and retained the valid record.,MASTER_DATA_DUPLICATE
321,Multiple records created for same customer,Duplicate master data is causing inconsistent downstream processing. The issue was first reported by a business user during normal daily processing.,Master Data Management,Master Data,High,2025-06-29,Cleaned the duplicate master data.,MASTER_DATA_DUPLICATE
322,Customer exists multiple times,Users discovered that the same customer was created more than once. The behaviour occurs intermittently but affects normal business processing.,Master Data Management,Master Data,Medium,2026-05-06,Cleaned the duplicate master data.,MASTER_DATA_DUPLICATE
323,Duplicate customer master records,Multiple customer master records exist for the same business partner. The problem started after a recent configuration change.,Master Data Management,Master Data,Low,2025-05-19,Merged the duplicate customer records.,MASTER_DATA_DUPLICATE
324,Duplicate customer master records,The system contains duplicate records representing one customer. The behaviour occurs intermittently but affects normal business processing.,Master Data Management,Master Data,High,2026-04-14,Merged the duplicate customer records.,MASTER_DATA_DUPLICATE
325,Duplicate customer master records,Multiple customer master records exist for the same business partner. The issue was first reported by a business user during normal daily processing.,Master Data Management,Master Data,Medium,2025-02-14,Merged the duplicate customer records.,MASTER_DATA_DUPLICATE
326,Multiple records created for same customer,Users discovered that the same customer was created more than once. Several users reported the same behaviour during morning operations.,Master Data Management,Master Data,High,2025-11-20,Removed the duplicate entry and retained the valid record.,MASTER_DATA_DUPLICATE
327,Duplicate customer master records,The system contains duplicate records representing one customer. The issue became visible after the user's latest login.,Master Data Management,Master Data,Medium,2026-07-11,Removed the duplicate entry and retained the valid record.,MASTER_DATA_DUPLICATE
328,Customer exists multiple times,Users discovered that the same customer was created more than once. The problem affects an important business process and requires investigation.,Master Data Management,Master Data,Medium,2025-07-15,Removed the duplicate entry and retained the valid record.,MASTER_DATA_DUPLICATE
329,Customer exists multiple times,The system contains duplicate records representing one customer. The issue was first reported by a business user during normal daily processing.,Master Data Management,Master Data,Medium,2025-02-18,Cleaned the duplicate master data.,MASTER_DATA_DUPLICATE
330,Multiple records created for same customer,Duplicate master data is causing inconsistent downstream processing. The behaviour occurs intermittently but affects normal business processing.,Master Data Management,Master Data,Medium,2025-05-08,Removed the duplicate entry and retained the valid record.,MASTER_DATA_DUPLICATE
331,Customer exists multiple times,The system contains duplicate records representing one customer. The behaviour occurs intermittently but affects normal business processing.,Master Data Management,Master Data,Medium,2026-02-14,Cleaned the duplicate master data.,MASTER_DATA_DUPLICATE
332,Customer exists multiple times,Users discovered that the same customer was created more than once. Several users reported the same behaviour during morning operations.,Master Data Management,Master Data,Medium,2026-01-31,Removed the duplicate entry and retained the valid record.,MASTER_DATA_DUPLICATE
333,Multiple records created for same customer,Duplicate master data is causing inconsistent downstream processing. The issue occurs consistently when the affected function is executed.,Master Data Management,Master Data,Critical,2026-05-24,Cleaned the duplicate master data.,MASTER_DATA_DUPLICATE
334,Multiple records created for same customer,Duplicate master data is causing inconsistent downstream processing. The problem affects an important business process and requires investigation.,Master Data Management,Master Data,Medium,2026-06-16,Removed the duplicate entry and retained the valid record.,MASTER_DATA_DUPLICATE
335,Duplicate master data detected,Multiple customer master records exist for the same business partner. The problem affects an important business process and requires investigation.,Master Data Management,Master Data,High,2026-03-11,Merged the duplicate customer records.,MASTER_DATA_DUPLICATE
336,Multiple records created for same customer,Multiple customer master records exist for the same business partner. The issue occurs consistently when the affected function is executed.,Master Data Management,Master Data,Medium,2025-07-04,Cleaned the duplicate master data.,MASTER_DATA_DUPLICATE
337,Multiple records created for same customer,Multiple customer master records exist for the same business partner. The issue became visible after the user's latest login.,Master Data Management,Master Data,Medium,2025-04-16,Merged the duplicate customer records.,MASTER_DATA_DUPLICATE
338,Multiple records created for same customer,The system contains duplicate records representing one customer. The problem affects an important business process and requires investigation.,Master Data Management,Master Data,Medium,2025-10-30,Removed the duplicate entry and retained the valid record.,MASTER_DATA_DUPLICATE
339,Duplicate master data detected,The system contains duplicate records representing one customer. The behaviour occurs intermittently but affects normal business processing.,Master Data Management,Master Data,Medium,2026-03-13,Merged the duplicate customer records.,MASTER_DATA_DUPLICATE
340,Duplicate master data detected,Multiple customer master records exist for the same business partner. Several users reported the same behaviour during morning operations.,Master Data Management,Master Data,High,2025-12-26,Removed the duplicate entry and retained the valid record.,MASTER_DATA_DUPLICATE
341,Duplicate customer master records,Multiple customer master records exist for the same business partner. The problem affects an important business process and requires investigation.,Master Data Management,Master Data,Low,2025-12-28,Cleaned the duplicate master data.,MASTER_DATA_DUPLICATE
342,Customer exists multiple times,Duplicate master data is causing inconsistent downstream processing. The problem affects an important business process and requires investigation.,Master Data Management,Master Data,Critical,2025-10-09,Cleaned the duplicate master data.,MASTER_DATA_DUPLICATE
343,Duplicate customer master records,Multiple customer master records exist for the same business partner. The issue became visible after the user's latest login.,Master Data Management,Master Data,Critical,2025-02-28,Merged the duplicate customer records.,MASTER_DATA_DUPLICATE
344,Customer exists multiple times,Multiple customer master records exist for the same business partner. The issue occurs consistently when the affected function is executed.,Master Data Management,Master Data,High,2026-02-20,Removed the duplicate entry and retained the valid record.,MASTER_DATA_DUPLICATE
345,Duplicate master data detected,Users discovered that the same customer was created more than once. The problem started after a recent configuration change.,Master Data Management,Master Data,Medium,2025-06-13,Merged the duplicate customer records.,MASTER_DATA_DUPLICATE
346,Duplicate master data detected,Duplicate master data is causing inconsistent downstream processing. The problem was reproduced in the development environment.,Master Data Management,Master Data,Low,2026-03-25,Merged the duplicate customer records.,MASTER_DATA_DUPLICATE
347,Customer exists multiple times,The system contains duplicate records representing one customer. The problem started after a recent configuration change.,Master Data Management,Master Data,Low,2025-08-30,Cleaned the duplicate master data.,MASTER_DATA_DUPLICATE
348,Duplicate customer master records,Multiple customer master records exist for the same business partner. The issue occurs consistently when the affected function is executed.,Master Data Management,Master Data,Medium,2026-01-28,Cleaned the duplicate master data.,MASTER_DATA_DUPLICATE
349,Duplicate master data detected,Users discovered that the same customer was created more than once. The issue became visible after the user's latest login.,Master Data Management,Master Data,Low,2025-06-07,Cleaned the duplicate master data.,MASTER_DATA_DUPLICATE
350,Duplicate customer master records,The system contains duplicate records representing one customer. The issue was first reported by a business user during normal daily processing.,Master Data Management,Master Data,Medium,2026-01-15,Removed the duplicate entry and retained the valid record.,MASTER_DATA_DUPLICATE
351,Manager cannot approve purchase order,The manager cannot approve the purchase order even though it is waiting for approval. The problem started after a recent configuration change.,Procurement,Procurement,Critical,2025-09-29,Assigned the correct approver and restarted the workflow.,PO_APPROVAL
352,Purchase order remains awaiting approval,The approval step fails when the manager attempts to release the purchase order. The issue occurs consistently when the affected function is executed.,Procurement,Procurement,Medium,2026-03-03,Assigned the correct approver and restarted the workflow.,PO_APPROVAL
353,Purchase order approval blocked,The manager cannot approve the purchase order even though it is waiting for approval. Several users reported the same behaviour during morning operations.,Procurement,Procurement,Medium,2026-05-25,Assigned the correct approver and restarted the workflow.,PO_APPROVAL
354,Purchase order approval blocked,The approval step fails when the manager attempts to release the purchase order. The issue became visible after the user's latest login.,Procurement,Procurement,Medium,2025-11-06,Updated the purchase-order approval configuration.,PO_APPROVAL
355,Manager cannot approve purchase order,The manager cannot approve the purchase order even though it is waiting for approval. The issue was first reported by a business user during normal daily processing.,Procurement,Procurement,Medium,2026-02-20,Updated the purchase-order approval configuration.,PO_APPROVAL
356,Purchase order remains awaiting approval,The approval step fails when the manager attempts to release the purchase order. The problem was reproduced in the development environment.,Procurement,Procurement,Medium,2025-03-03,Corrected the workflow-agent assignment.,PO_APPROVAL
357,Purchase order approval blocked,The approval step fails when the manager attempts to release the purchase order. The problem affects an important business process and requires investigation.,Procurement,Procurement,Medium,2026-05-11,Updated the purchase-order approval configuration.,PO_APPROVAL
358,Purchase order approval blocked,The purchasing workflow does not permit the responsible manager to approve the order. The problem was reproduced in the development environment.,Procurement,Procurement,Medium,2025-05-28,Updated the purchase-order approval configuration.,PO_APPROVAL
359,Manager cannot approve purchase order,A purchase order remains pending because the approver cannot complete the workflow. The behaviour occurs intermittently but affects normal business processing.,Procurement,Procurement,High,2025-11-23,Assigned the correct approver and restarted the workflow.,PO_APPROVAL
360,Manager cannot approve purchase order,A purchase order remains pending because the approver cannot complete the workflow. The problem was reproduced in the development environment.,Procurement,Procurement,Critical,2025-12-20,Updated the purchase-order approval configuration.,PO_APPROVAL
361,Purchase order approval blocked,The purchasing workflow does not permit the responsible manager to approve the order. The behaviour occurs intermittently but affects normal business processing.,Procurement,Procurement,Low,2026-01-15,Assigned the correct approver and restarted the workflow.,PO_APPROVAL
362,Manager cannot approve purchase order,The purchasing workflow does not permit the responsible manager to approve the order. The issue was first reported by a business user during normal daily processing.,Procurement,Procurement,Medium,2025-11-23,Corrected the workflow-agent assignment.,PO_APPROVAL
363,PO workflow does not allow approval,A purchase order remains pending because the approver cannot complete the workflow. Several users reported the same behaviour during morning operations.,Procurement,Procurement,Medium,2025-10-01,Updated the purchase-order approval configuration.,PO_APPROVAL
364,Purchase order remains awaiting approval,A purchase order remains pending because the approver cannot complete the workflow. The issue became visible after the user's latest login.,Procurement,Procurement,Medium,2025-04-10,Corrected the workflow-agent assignment.,PO_APPROVAL
365,Manager cannot approve purchase order,The approval step fails when the manager attempts to release the purchase order. Several users reported the same behaviour during morning operations.,Procurement,Procurement,Medium,2026-01-29,Assigned the correct approver and restarted the workflow.,PO_APPROVAL
366,Purchase order approval blocked,The approval step fails when the manager attempts to release the purchase order. The behaviour occurs intermittently but affects normal business processing.,Procurement,Procurement,Medium,2025-06-13,Updated the purchase-order approval configuration.,PO_APPROVAL
367,Purchase order remains awaiting approval,The approval step fails when the manager attempts to release the purchase order. The issue was first reported by a business user during normal daily processing.,Procurement,Procurement,Critical,2025-11-17,Corrected the workflow-agent assignment.,PO_APPROVAL
368,Purchase order remains awaiting approval,The purchasing workflow does not permit the responsible manager to approve the order. Several users reported the same behaviour during morning operations.,Procurement,Procurement,High,2026-05-26,Assigned the correct approver and restarted the workflow.,PO_APPROVAL
369,Manager cannot approve purchase order,The approval step fails when the manager attempts to release the purchase order. The behaviour occurs intermittently but affects normal business processing.,Procurement,Procurement,Medium,2025-11-12,Updated the purchase-order approval configuration.,PO_APPROVAL
370,PO workflow does not allow approval,A purchase order remains pending because the approver cannot complete the workflow. The issue was first reported by a business user during normal daily processing.,Procurement,Procurement,Low,2026-02-07,Assigned the correct approver and restarted the workflow.,PO_APPROVAL
371,Manager cannot approve purchase order,The manager cannot approve the purchase order even though it is waiting for approval. The issue became visible after the user's latest login.,Procurement,Procurement,Medium,2025-09-04,Corrected the workflow-agent assignment.,PO_APPROVAL
372,Purchase order approval blocked,The manager cannot approve the purchase order even though it is waiting for approval. The problem affects an important business process and requires investigation.,Procurement,Procurement,Medium,2025-02-19,Corrected the workflow-agent assignment.,PO_APPROVAL
373,Manager cannot approve purchase order,The manager cannot approve the purchase order even though it is waiting for approval. Several users reported the same behaviour during morning operations.,Procurement,Procurement,Medium,2026-04-27,Updated the purchase-order approval configuration.,PO_APPROVAL
374,Purchase order remains awaiting approval,The manager cannot approve the purchase order even though it is waiting for approval. Several users reported the same behaviour during morning operations.,Procurement,Procurement,Medium,2025-04-21,Updated the purchase-order approval configuration.,PO_APPROVAL
375,PO workflow does not allow approval,A purchase order remains pending because the approver cannot complete the workflow. The problem was reproduced in the development environment.,Procurement,Procurement,Low,2025-09-28,Assigned the correct approver and restarted the workflow.,PO_APPROVAL
376,PO workflow does not allow approval,The approval step fails when the manager attempts to release the purchase order. The issue was first reported by a business user during normal daily processing.,Procurement,Procurement,Medium,2026-02-17,Updated the purchase-order approval configuration.,PO_APPROVAL
377,PO workflow does not allow approval,The approval step fails when the manager attempts to release the purchase order. The issue became visible after the user's latest login.,Procurement,Procurement,Low,2025-02-22,Assigned the correct approver and restarted the workflow.,PO_APPROVAL
378,Purchase order approval blocked,A purchase order remains pending because the approver cannot complete the workflow. Several users reported the same behaviour during morning operations.,Procurement,Procurement,Medium,2026-01-07,Assigned the correct approver and restarted the workflow.,PO_APPROVAL
379,Manager cannot approve purchase order,A purchase order remains pending because the approver cannot complete the workflow. Several users reported the same behaviour during morning operations.,Procurement,Procurement,Medium,2026-01-31,Assigned the correct approver and restarted the workflow.,PO_APPROVAL
380,Purchase order approval blocked,The purchasing workflow does not permit the responsible manager to approve the order. Several users reported the same behaviour during morning operations.,Procurement,Procurement,Medium,2026-07-18,Updated the purchase-order approval configuration.,PO_APPROVAL
381,Manager cannot approve purchase order,The manager cannot approve the purchase order even though it is waiting for approval. The behaviour occurs intermittently but affects normal business processing.,Procurement,Procurement,High,2025-05-02,Corrected the workflow-agent assignment.,PO_APPROVAL
382,Purchase order remains awaiting approval,The purchasing workflow does not permit the responsible manager to approve the order. The issue became visible after the user's latest login.,Procurement,Procurement,Critical,2026-02-08,Updated the purchase-order approval configuration.,PO_APPROVAL
383,PO workflow does not allow approval,The purchasing workflow does not permit the responsible manager to approve the order. The behaviour occurs intermittently but affects normal business processing.,Procurement,Procurement,High,2025-12-14,Assigned the correct approver and restarted the workflow.,PO_APPROVAL
384,Manager cannot approve purchase order,The manager cannot approve the purchase order even though it is waiting for approval. The problem affects an important business process and requires investigation.,Procurement,Procurement,Critical,2025-05-28,Corrected the workflow-agent assignment.,PO_APPROVAL
385,PO workflow does not allow approval,The approval step fails when the manager attempts to release the purchase order. Several users reported the same behaviour during morning operations.,Procurement,Procurement,Medium,2026-02-16,Assigned the correct approver and restarted the workflow.,PO_APPROVAL
386,Purchase order approval blocked,The manager cannot approve the purchase order even though it is waiting for approval. The issue was first reported by a business user during normal daily processing.,Procurement,Procurement,Low,2025-02-09,Corrected the workflow-agent assignment.,PO_APPROVAL
387,Purchase order remains awaiting approval,The manager cannot approve the purchase order even though it is waiting for approval. The behaviour occurs intermittently but affects normal business processing.,Procurement,Procurement,High,2026-05-01,Assigned the correct approver and restarted the workflow.,PO_APPROVAL
388,Purchase order approval blocked,The approval step fails when the manager attempts to release the purchase order. The issue was first reported by a business user during normal daily processing.,Procurement,Procurement,Medium,2026-06-12,Corrected the workflow-agent assignment.,PO_APPROVAL
389,PO workflow does not allow approval,The manager cannot approve the purchase order even though it is waiting for approval. The issue was first reported by a business user during normal daily processing.,Procurement,Procurement,Medium,2025-11-23,Corrected the workflow-agent assignment.,PO_APPROVAL
390,PO workflow does not allow approval,The approval step fails when the manager attempts to release the purchase order. The problem started after a recent configuration change.,Procurement,Procurement,Medium,2025-11-03,Assigned the correct approver and restarted the workflow.,PO_APPROVAL
391,Purchase order remains awaiting approval,The approval step fails when the manager attempts to release the purchase order. The behaviour occurs intermittently but affects normal business processing.,Procurement,Procurement,Medium,2026-06-06,Assigned the correct approver and restarted the workflow.,PO_APPROVAL
392,Purchase order remains awaiting approval,The purchasing workflow does not permit the responsible manager to approve the order. The issue was first reported by a business user during normal daily processing.,Procurement,Procurement,Medium,2026-07-31,Updated the purchase-order approval configuration.,PO_APPROVAL
393,Purchase order remains awaiting approval,The manager cannot approve the purchase order even though it is waiting for approval. The problem was reproduced in the development environment.,Procurement,Procurement,Medium,2025-01-18,Updated the purchase-order approval configuration.,PO_APPROVAL
394,PO workflow does not allow approval,The purchasing workflow does not permit the responsible manager to approve the order. The problem was reproduced in the development environment.,Procurement,Procurement,Medium,2025-04-23,Updated the purchase-order approval configuration.,PO_APPROVAL
395,Purchase order approval blocked,A purchase order remains pending because the approver cannot complete the workflow. The issue occurs consistently when the affected function is executed.,Procurement,Procurement,Medium,2025-01-28,Assigned the correct approver and restarted the workflow.,PO_APPROVAL
396,Manager cannot approve purchase order,The purchasing workflow does not permit the responsible manager to approve the order. The behaviour occurs intermittently but affects normal business processing.,Procurement,Procurement,Medium,2025-08-22,Assigned the correct approver and restarted the workflow.,PO_APPROVAL
397,PO workflow does not allow approval,A purchase order remains pending because the approver cannot complete the workflow. The issue occurs consistently when the affected function is executed.,Procurement,Procurement,Low,2026-05-07,Corrected the workflow-agent assignment.,PO_APPROVAL
398,Purchase order approval blocked,The approval step fails when the manager attempts to release the purchase order. The issue occurs consistently when the affected function is executed.,Procurement,Procurement,Medium,2026-01-25,Corrected the workflow-agent assignment.,PO_APPROVAL
399,Purchase order approval blocked,A purchase order remains pending because the approver cannot complete the workflow. The problem started after a recent configuration change.,Procurement,Procurement,High,2025-09-06,Corrected the workflow-agent assignment.,PO_APPROVAL
400,PO workflow does not allow approval,A purchase order remains pending because the approver cannot complete the workflow. The problem affects an important business process and requires investigation.,Procurement,Procurement,Medium,2025-04-23,Corrected the workflow-agent assignment.,PO_APPROVAL
401,Database connection unavailable,Connections to SAP HANA repeatedly fail during application startup. The problem started after a recent configuration change.,SAP HANA,Database and Connection,Low,2025-10-24,Corrected the database connection configuration.,DB_CONNECTION
402,Application cannot connect to database,The application cannot establish a connection to the SAP HANA database. Several users reported the same behaviour during morning operations.,SAP HANA,Database and Connection,Low,2025-04-20,Updated the connection credentials.,DB_CONNECTION
403,Application cannot connect to database,Connections to SAP HANA repeatedly fail during application startup. The issue occurs consistently when the affected function is executed.,SAP HANA,Database and Connection,Medium,2026-07-11,Fixed the network and database configuration.,DB_CONNECTION
404,Application loses database connectivity,Database connectivity fails even though the application itself is running. The issue became visible after the user's latest login.,SAP HANA,Database and Connection,Medium,2025-05-18,Fixed the network and database configuration.,DB_CONNECTION
405,Application loses database connectivity,Connections to SAP HANA repeatedly fail during application startup. The issue occurs consistently when the affected function is executed.,SAP HANA,Database and Connection,Medium,2025-07-17,Corrected the database connection configuration.,DB_CONNECTION
406,Application cannot connect to database,Database connectivity fails even though the application itself is running. The issue occurs consistently when the affected function is executed.,SAP HANA,Database and Connection,Medium,2026-04-15,Fixed the network and database configuration.,DB_CONNECTION
407,Application cannot connect to database,The application reports that the database server cannot be reached. The problem affects an important business process and requires investigation.,SAP HANA,Database and Connection,Medium,2025-07-10,Corrected the database connection configuration.,DB_CONNECTION
408,HANA connection fails,Database connectivity fails even though the application itself is running. The problem affects an important business process and requires investigation.,SAP HANA,Database and Connection,High,2025-10-30,Fixed the network and database configuration.,DB_CONNECTION
409,Application loses database connectivity,The application reports that the database server cannot be reached. The issue occurs consistently when the affected function is executed.,SAP HANA,Database and Connection,High,2025-07-17,Corrected the database connection configuration.,DB_CONNECTION
410,Application loses database connectivity,The application cannot establish a connection to the SAP HANA database. The problem affects an important business process and requires investigation.,SAP HANA,Database and Connection,Medium,2026-02-20,Updated the connection credentials.,DB_CONNECTION
411,Database connection unavailable,The application reports that the database server cannot be reached. The problem affects an important business process and requires investigation.,SAP HANA,Database and Connection,Medium,2025-03-30,Updated the connection credentials.,DB_CONNECTION
412,Application cannot connect to database,Connections to SAP HANA repeatedly fail during application startup. The problem started after a recent configuration change.,SAP HANA,Database and Connection,High,2025-07-09,Corrected the database connection configuration.,DB_CONNECTION
413,Application loses database connectivity,The application cannot establish a connection to the SAP HANA database. The problem started after a recent configuration change.,SAP HANA,Database and Connection,Medium,2025-09-12,Corrected the database connection configuration.,DB_CONNECTION
414,Database connection unavailable,The application reports that the database server cannot be reached. The issue occurs consistently when the affected function is executed.,SAP HANA,Database and Connection,Medium,2025-08-30,Updated the connection credentials.,DB_CONNECTION
415,HANA connection fails,The application cannot establish a connection to the SAP HANA database. The issue became visible after the user's latest login.,SAP HANA,Database and Connection,High,2025-12-04,Updated the connection credentials.,DB_CONNECTION
416,Application cannot connect to database,The application cannot establish a connection to the SAP HANA database. The problem started after a recent configuration change.,SAP HANA,Database and Connection,Medium,2025-01-12,Updated the connection credentials.,DB_CONNECTION
417,HANA connection fails,Database connectivity fails even though the application itself is running. The problem was reproduced in the development environment.,SAP HANA,Database and Connection,High,2025-08-30,Corrected the database connection configuration.,DB_CONNECTION
418,Application cannot connect to database,Database connectivity fails even though the application itself is running. Several users reported the same behaviour during morning operations.,SAP HANA,Database and Connection,High,2026-04-22,Updated the connection credentials.,DB_CONNECTION
419,Application cannot connect to database,Database connectivity fails even though the application itself is running. The problem started after a recent configuration change.,SAP HANA,Database and Connection,Low,2026-05-30,Fixed the network and database configuration.,DB_CONNECTION
420,Application loses database connectivity,The application cannot establish a connection to the SAP HANA database. The behaviour occurs intermittently but affects normal business processing.,SAP HANA,Database and Connection,High,2025-05-01,Fixed the network and database configuration.,DB_CONNECTION
421,Application cannot connect to database,Connections to SAP HANA repeatedly fail during application startup. The behaviour occurs intermittently but affects normal business processing.,SAP HANA,Database and Connection,Critical,2025-10-30,Updated the connection credentials.,DB_CONNECTION
422,HANA connection fails,Database connectivity fails even though the application itself is running. The issue occurs consistently when the affected function is executed.,SAP HANA,Database and Connection,Medium,2025-08-13,Corrected the database connection configuration.,DB_CONNECTION
423,Application cannot connect to database,The application reports that the database server cannot be reached. The problem was reproduced in the development environment.,SAP HANA,Database and Connection,Medium,2026-04-11,Fixed the network and database configuration.,DB_CONNECTION
424,Application loses database connectivity,The application reports that the database server cannot be reached. The problem affects an important business process and requires investigation.,SAP HANA,Database and Connection,Critical,2026-01-18,Updated the connection credentials.,DB_CONNECTION
425,Database connection unavailable,Connections to SAP HANA repeatedly fail during application startup. The issue occurs consistently when the affected function is executed.,SAP HANA,Database and Connection,High,2026-04-28,Fixed the network and database configuration.,DB_CONNECTION
426,Database connection unavailable,Database connectivity fails even though the application itself is running. The issue became visible after the user's latest login.,SAP HANA,Database and Connection,High,2025-08-12,Corrected the database connection configuration.,DB_CONNECTION
427,Application cannot connect to database,The application cannot establish a connection to the SAP HANA database. The issue was first reported by a business user during normal daily processing.,SAP HANA,Database and Connection,High,2025-03-25,Fixed the network and database configuration.,DB_CONNECTION
428,Application loses database connectivity,Connections to SAP HANA repeatedly fail during application startup. The problem affects an important business process and requires investigation.,SAP HANA,Database and Connection,Medium,2026-01-06,Corrected the database connection configuration.,DB_CONNECTION
429,HANA connection fails,The application reports that the database server cannot be reached. The behaviour occurs intermittently but affects normal business processing.,SAP HANA,Database and Connection,Critical,2025-04-25,Corrected the database connection configuration.,DB_CONNECTION
430,Database connection unavailable,The application cannot establish a connection to the SAP HANA database. The issue was first reported by a business user during normal daily processing.,SAP HANA,Database and Connection,High,2026-06-02,Corrected the database connection configuration.,DB_CONNECTION
431,Application loses database connectivity,The application cannot establish a connection to the SAP HANA database. The issue was first reported by a business user during normal daily processing.,SAP HANA,Database and Connection,Medium,2025-06-03,Corrected the database connection configuration.,DB_CONNECTION
432,Application loses database connectivity,Connections to SAP HANA repeatedly fail during application startup. The problem was reproduced in the development environment.,SAP HANA,Database and Connection,Medium,2026-06-17,Updated the connection credentials.,DB_CONNECTION
433,Application cannot connect to database,The application reports that the database server cannot be reached. The behaviour occurs intermittently but affects normal business processing.,SAP HANA,Database and Connection,Low,2025-07-30,Fixed the network and database configuration.,DB_CONNECTION
434,HANA connection fails,Database connectivity fails even though the application itself is running. The behaviour occurs intermittently but affects normal business processing.,SAP HANA,Database and Connection,Medium,2025-04-04,Fixed the network and database configuration.,DB_CONNECTION
435,Database connection unavailable,The application reports that the database server cannot be reached. The issue became visible after the user's latest login.,SAP HANA,Database and Connection,Medium,2025-02-26,Updated the connection credentials.,DB_CONNECTION
436,HANA connection fails,Connections to SAP HANA repeatedly fail during application startup. The problem affects an important business process and requires investigation.,SAP HANA,Database and Connection,Low,2026-03-02,Updated the connection credentials.,DB_CONNECTION
437,Database connection unavailable,Database connectivity fails even though the application itself is running. Several users reported the same behaviour during morning operations.,SAP HANA,Database and Connection,Medium,2026-07-27,Updated the connection credentials.,DB_CONNECTION
438,Application cannot connect to database,Database connectivity fails even though the application itself is running. The issue became visible after the user's latest login.,SAP HANA,Database and Connection,High,2025-11-12,Fixed the network and database configuration.,DB_CONNECTION
439,HANA connection fails,Connections to SAP HANA repeatedly fail during application startup. The problem started after a recent configuration change.,SAP HANA,Database and Connection,Low,2025-09-18,Corrected the database connection configuration.,DB_CONNECTION
440,Application cannot connect to database,The application cannot establish a connection to the SAP HANA database. The issue occurs consistently when the affected function is executed.,SAP HANA,Database and Connection,High,2025-03-16,Corrected the database connection configuration.,DB_CONNECTION
441,Application loses database connectivity,Connections to SAP HANA repeatedly fail during application startup. The issue became visible after the user's latest login.,SAP HANA,Database and Connection,Medium,2025-03-07,Fixed the network and database configuration.,DB_CONNECTION
442,Application loses database connectivity,The application reports that the database server cannot be reached. The issue was first reported by a business user during normal daily processing.,SAP HANA,Database and Connection,Critical,2025-03-12,Updated the connection credentials.,DB_CONNECTION
443,Application loses database connectivity,The application reports that the database server cannot be reached. The issue became visible after the user's latest login.,SAP HANA,Database and Connection,Low,2026-02-23,Corrected the database connection configuration.,DB_CONNECTION
444,Database connection unavailable,The application cannot establish a connection to the SAP HANA database. The problem affects an important business process and requires investigation.,SAP HANA,Database and Connection,High,2026-03-07,Updated the connection credentials.,DB_CONNECTION
445,Application cannot connect to database,The application cannot establish a connection to the SAP HANA database. The issue became visible after the user's latest login.,SAP HANA,Database and Connection,Critical,2026-01-27,Updated the connection credentials.,DB_CONNECTION
446,Application cannot connect to database,Database connectivity fails even though the application itself is running. The issue was first reported by a business user during normal daily processing.,SAP HANA,Database and Connection,High,2026-01-22,Updated the connection credentials.,DB_CONNECTION
447,Database connection unavailable,The application reports that the database server cannot be reached. The problem started after a recent configuration change.,SAP HANA,Database and Connection,Low,2026-07-07,Corrected the database connection configuration.,DB_CONNECTION
448,Application loses database connectivity,Database connectivity fails even though the application itself is running. The issue occurs consistently when the affected function is executed.,SAP HANA,Database and Connection,High,2025-12-23,Corrected the database connection configuration.,DB_CONNECTION
449,HANA connection fails,Database connectivity fails even though the application itself is running. The issue was first reported by a business user during normal daily processing.,SAP HANA,Database and Connection,Low,2026-07-05,Updated the connection credentials.,DB_CONNECTION
450,Application loses database connectivity,The application reports that the database server cannot be reached. The problem started after a recent configuration change.,SAP HANA,Database and Connection,Medium,2025-08-17,Corrected the database connection configuration.,DB_CONNECTION
451,Query fails with error code 257,The database rejects the SQL command and returns technical identifier 257. The issue occurs consistently when the affected function is executed.,SAP HANA,Database and Connection,Critical,2025-05-01,Adjusted the query syntax and reran the statement.,SQL_ERROR_257
452,Query fails with error code 257,The database rejects the SQL command and returns technical identifier 257. The issue became visible after the user's latest login.,SAP HANA,Database and Connection,Critical,2026-05-06,Corrected the SQL syntax.,SQL_ERROR_257
453,SQL error 257 during query execution,A user receives error 257 while attempting to execute the SQL statement. The problem affects an important business process and requires investigation.,SAP HANA,Database and Connection,High,2025-07-29,Fixed the invalid SQL statement.,SQL_ERROR_257
454,SQL error 257 during query execution,The SQL statement fails with error code 257 when executed against SAP HANA. The issue was first reported by a business user during normal daily processing.,SAP HANA,Database and Connection,Critical,2026-07-20,Fixed the invalid SQL statement.,SQL_ERROR_257
455,Query fails with error code 257,A user receives error 257 while attempting to execute the SQL statement. The problem affects an important business process and requires investigation.,SAP HANA,Database and Connection,High,2026-01-25,Fixed the invalid SQL statement.,SQL_ERROR_257
456,Database returns SQL 257,The database rejects the SQL command and returns technical identifier 257. The issue became visible after the user's latest login.,SAP HANA,Database and Connection,Medium,2026-01-03,Fixed the invalid SQL statement.,SQL_ERROR_257
457,SQL error 257 during query execution,A user receives error 257 while attempting to execute the SQL statement. The issue was first reported by a business user during normal daily processing.,SAP HANA,Database and Connection,Medium,2026-06-10,Fixed the invalid SQL statement.,SQL_ERROR_257
458,Database returns SQL 257,A user receives error 257 while attempting to execute the SQL statement. The problem affects an important business process and requires investigation.,SAP HANA,Database and Connection,Medium,2026-04-26,Fixed the invalid SQL statement.,SQL_ERROR_257
459,SQL statement rejected with error 257,A user receives error 257 while attempting to execute the SQL statement. Several users reported the same behaviour during morning operations.,SAP HANA,Database and Connection,Critical,2026-01-15,Fixed the invalid SQL statement.,SQL_ERROR_257
460,Query fails with error code 257,The SQL statement fails with error code 257 when executed against SAP HANA. The issue became visible after the user's latest login.,SAP HANA,Database and Connection,Medium,2026-07-31,Corrected the SQL syntax.,SQL_ERROR_257
461,Database returns SQL 257,The database rejects the SQL command and returns technical identifier 257. The problem was reproduced in the development environment.,SAP HANA,Database and Connection,High,2025-01-17,Fixed the invalid SQL statement.,SQL_ERROR_257
462,SQL statement rejected with error 257,The SQL statement fails with error code 257 when executed against SAP HANA. The issue became visible after the user's latest login.,SAP HANA,Database and Connection,Medium,2026-03-04,Fixed the invalid SQL statement.,SQL_ERROR_257
463,SQL error 257 during query execution,Database processing stops because the query returns SQL error 257. The behaviour occurs intermittently but affects normal business processing.,SAP HANA,Database and Connection,Low,2025-12-04,Corrected the SQL syntax.,SQL_ERROR_257
464,SQL error 257 during query execution,A user receives error 257 while attempting to execute the SQL statement. The behaviour occurs intermittently but affects normal business processing.,SAP HANA,Database and Connection,Medium,2025-09-09,Fixed the invalid SQL statement.,SQL_ERROR_257
465,SQL statement rejected with error 257,The database rejects the SQL command and returns technical identifier 257. The problem was reproduced in the development environment.,SAP HANA,Database and Connection,Medium,2025-12-12,Fixed the invalid SQL statement.,SQL_ERROR_257
466,Query fails with error code 257,A user receives error 257 while attempting to execute the SQL statement. The behaviour occurs intermittently but affects normal business processing.,SAP HANA,Database and Connection,High,2026-05-16,Adjusted the query syntax and reran the statement.,SQL_ERROR_257
467,Query fails with error code 257,A user receives error 257 while attempting to execute the SQL statement. The issue occurs consistently when the affected function is executed.,SAP HANA,Database and Connection,Medium,2026-05-18,Fixed the invalid SQL statement.,SQL_ERROR_257
468,SQL statement rejected with error 257,The SQL statement fails with error code 257 when executed against SAP HANA. The issue was first reported by a business user during normal daily processing.,SAP HANA,Database and Connection,Low,2025-12-27,Corrected the SQL syntax.,SQL_ERROR_257
469,Database returns SQL 257,The SQL statement fails with error code 257 when executed against SAP HANA. The problem was reproduced in the development environment.,SAP HANA,Database and Connection,Low,2026-07-14,Fixed the invalid SQL statement.,SQL_ERROR_257
470,SQL error 257 during query execution,The SQL statement fails with error code 257 when executed against SAP HANA. The problem started after a recent configuration change.,SAP HANA,Database and Connection,Low,2026-07-10,Adjusted the query syntax and reran the statement.,SQL_ERROR_257
471,SQL statement rejected with error 257,A user receives error 257 while attempting to execute the SQL statement. The problem affects an important business process and requires investigation.,SAP HANA,Database and Connection,Critical,2026-06-21,Corrected the SQL syntax.,SQL_ERROR_257
472,Query fails with error code 257,A user receives error 257 while attempting to execute the SQL statement. The issue was first reported by a business user during normal daily processing.,SAP HANA,Database and Connection,High,2025-03-18,Adjusted the query syntax and reran the statement.,SQL_ERROR_257
473,SQL error 257 during query execution,The database rejects the SQL command and returns technical identifier 257. The problem started after a recent configuration change.,SAP HANA,Database and Connection,Low,2025-01-07,Fixed the invalid SQL statement.,SQL_ERROR_257
474,Database returns SQL 257,The database rejects the SQL command and returns technical identifier 257. The behaviour occurs intermittently but affects normal business processing.,SAP HANA,Database and Connection,Low,2025-08-25,Corrected the SQL syntax.,SQL_ERROR_257
475,Database returns SQL 257,The SQL statement fails with error code 257 when executed against SAP HANA. The problem affects an important business process and requires investigation.,SAP HANA,Database and Connection,High,2025-01-10,Corrected the SQL syntax.,SQL_ERROR_257
476,SQL statement rejected with error 257,The SQL statement fails with error code 257 when executed against SAP HANA. The problem was reproduced in the development environment.,SAP HANA,Database and Connection,Medium,2026-01-18,Corrected the SQL syntax.,SQL_ERROR_257
477,Query fails with error code 257,The SQL statement fails with error code 257 when executed against SAP HANA. The issue occurs consistently when the affected function is executed.,SAP HANA,Database and Connection,Medium,2026-05-10,Adjusted the query syntax and reran the statement.,SQL_ERROR_257
478,SQL error 257 during query execution,Database processing stops because the query returns SQL error 257. Several users reported the same behaviour during morning operations.,SAP HANA,Database and Connection,Medium,2025-01-07,Adjusted the query syntax and reran the statement.,SQL_ERROR_257
479,Query fails with error code 257,The database rejects the SQL command and returns technical identifier 257. The problem started after a recent configuration change.,SAP HANA,Database and Connection,Medium,2025-01-13,Corrected the SQL syntax.,SQL_ERROR_257
480,Database returns SQL 257,The SQL statement fails with error code 257 when executed against SAP HANA. The issue was first reported by a business user during normal daily processing.,SAP HANA,Database and Connection,Medium,2025-10-09,Adjusted the query syntax and reran the statement.,SQL_ERROR_257
481,Query fails with error code 257,Database processing stops because the query returns SQL error 257. The problem affects an important business process and requires investigation.,SAP HANA,Database and Connection,Critical,2025-01-18,Adjusted the query syntax and reran the statement.,SQL_ERROR_257
482,Database returns SQL 257,A user receives error 257 while attempting to execute the SQL statement. The problem started after a recent configuration change.,SAP HANA,Database and Connection,High,2026-03-17,Corrected the SQL syntax.,SQL_ERROR_257
483,SQL statement rejected with error 257,Database processing stops because the query returns SQL error 257. The problem was reproduced in the development environment.,SAP HANA,Database and Connection,Low,2025-04-09,Adjusted the query syntax and reran the statement.,SQL_ERROR_257
484,SQL statement rejected with error 257,The database rejects the SQL command and returns technical identifier 257. The issue was first reported by a business user during normal daily processing.,SAP HANA,Database and Connection,Low,2025-07-16,Adjusted the query syntax and reran the statement.,SQL_ERROR_257
485,Database returns SQL 257,Database processing stops because the query returns SQL error 257. The problem affects an important business process and requires investigation.,SAP HANA,Database and Connection,Medium,2025-12-29,Fixed the invalid SQL statement.,SQL_ERROR_257
486,Query fails with error code 257,The database rejects the SQL command and returns technical identifier 257. The behaviour occurs intermittently but affects normal business processing.,SAP HANA,Database and Connection,High,2025-03-22,Fixed the invalid SQL statement.,SQL_ERROR_257
487,Query fails with error code 257,Database processing stops because the query returns SQL error 257. The behaviour occurs intermittently but affects normal business processing.,SAP HANA,Database and Connection,Critical,2026-04-16,Adjusted the query syntax and reran the statement.,SQL_ERROR_257
488,Database returns SQL 257,Database processing stops because the query returns SQL error 257. The issue became visible after the user's latest login.,SAP HANA,Database and Connection,Medium,2025-08-20,Fixed the invalid SQL statement.,SQL_ERROR_257
489,Database returns SQL 257,Database processing stops because the query returns SQL error 257. The behaviour occurs intermittently but affects normal business processing.,SAP HANA,Database and Connection,High,2025-03-24,Adjusted the query syntax and reran the statement.,SQL_ERROR_257
490,SQL statement rejected with error 257,Database processing stops because the query returns SQL error 257. The issue occurs consistently when the affected function is executed.,SAP HANA,Database and Connection,Critical,2025-02-02,Corrected the SQL syntax.,SQL_ERROR_257
491,SQL error 257 during query execution,Database processing stops because the query returns SQL error 257. The problem affects an important business process and requires investigation.,SAP HANA,Database and Connection,Medium,2026-01-22,Adjusted the query syntax and reran the statement.,SQL_ERROR_257
492,Query fails with error code 257,Database processing stops because the query returns SQL error 257. The issue was first reported by a business user during normal daily processing.,SAP HANA,Database and Connection,Medium,2025-01-10,Adjusted the query syntax and reran the statement.,SQL_ERROR_257
493,Database returns SQL 257,The SQL statement fails with error code 257 when executed against SAP HANA. Several users reported the same behaviour during morning operations.,SAP HANA,Database and Connection,Low,2026-05-27,Fixed the invalid SQL statement.,SQL_ERROR_257
494,SQL error 257 during query execution,Database processing stops because the query returns SQL error 257. The issue occurs consistently when the affected function is executed.,SAP HANA,Database and Connection,Medium,2025-12-06,Adjusted the query syntax and reran the statement.,SQL_ERROR_257
495,SQL statement rejected with error 257,A user receives error 257 while attempting to execute the SQL statement. The behaviour occurs intermittently but affects normal business processing.,SAP HANA,Database and Connection,Critical,2025-04-08,Adjusted the query syntax and reran the statement.,SQL_ERROR_257
496,SQL statement rejected with error 257,A user receives error 257 while attempting to execute the SQL statement. The issue was first reported by a business user during normal daily processing.,SAP HANA,Database and Connection,Critical,2025-08-24,Corrected the SQL syntax.,SQL_ERROR_257
497,SQL error 257 during query execution,Database processing stops because the query returns SQL error 257. The problem started after a recent configuration change.,SAP HANA,Database and Connection,Critical,2026-05-02,Fixed the invalid SQL statement.,SQL_ERROR_257
498,SQL statement rejected with error 257,A user receives error 257 while attempting to execute the SQL statement. The issue became visible after the user's latest login.,SAP HANA,Database and Connection,Low,2025-03-18,Adjusted the query syntax and reran the statement.,SQL_ERROR_257
499,SQL statement rejected with error 257,The SQL statement fails with error code 257 when executed against SAP HANA. The behaviour occurs intermittently but affects normal business processing.,SAP HANA,Database and Connection,Critical,2026-07-11,Adjusted the query syntax and reran the statement.,SQL_ERROR_257
500,SQL statement rejected with error 257,A user receives error 257 while attempting to execute the SQL statement. The problem started after a recent configuration change.,SAP HANA,Database and Connection,High,2025-07-03,Fixed the invalid SQL statement.,SQL_ERROR_257
